YearCE,MgCaRub,SSTRub,MgCaBull,SSTBull      
-60,4.4658,NaN,6.3172,NaN
-59,4.5094,NaN,6.2373,NaN
-58,4.553,NaN,6.1574,NaN
-57,4.5967,NaN,6.0774,NaN
-56,4.6403,NaN,5.9975,NaN
-55,4.6639,NaN,5.9175,NaN
-54,4.6748,NaN,5.8376,NaN
-53,4.6857,NaN,5.7577,NaN
-52,4.6966,NaN,5.6777,NaN
-51,4.7075,NaN,5.5978,NaN
-50,4.7184,NaN,5.5178,NaN
-49,4.7293,NaN,5.4379,NaN
-48,4.7402,NaN,5.358,NaN
-47,4.7511,NaN,5.278,NaN
-46,4.762,NaN,5.1981,NaN
-45,4.7728,NaN,5.1181,NaN
-44,4.7837,NaN,5.0382,NaN
-43,4.7946,NaN,4.9583,NaN
-42,4.8055,NaN,4.8783,NaN
-41,4.8164,NaN,4.7984,NaN
-40,4.8273,NaN,4.7185,NaN
-39,4.8382,NaN,4.6426,NaN
-38,4.8491,NaN,4.5868,NaN
-37,4.86,NaN,4.5311,NaN
-36,4.8709,NaN,4.4754,NaN
-35,4.8818,NaN,4.4304,NaN
-34,4.8927,NaN,4.5675,NaN
-33,4.9036,NaN,4.7045,NaN
-32,4.9145,NaN,4.8416,NaN
-31,4.9254,NaN,4.9787,NaN
-30,4.8534,NaN,5.074,NaN
-29,4.7765,NaN,5.167,NaN
-28,4.6996,NaN,5.2599,NaN
-27,4.6228,NaN,5.3529,NaN
-26,4.6421,NaN,5.245,NaN
-25,4.6807,NaN,5.0969,NaN
-24,4.7193,NaN,4.9488,NaN
-23,4.7579,NaN,4.8007,NaN
-22,4.7965,NaN,4.7054,NaN
-21,4.8351,NaN,4.6303,NaN
-20,4.8737,28.1948,4.5552,26.501
-19,4.9122,28.4574,4.4801,26.3203
-18,4.9508,28.417,4.4113,26.1521
-17,4.9894,28.3136,4.3465,25.9912
-16,5.028,28.1818,4.2817,25.8279
-15,5.0666,28.0591,4.2169,25.6622
-14,5.1052,27.9923,4.2811,25.8265
-13,5.1438,27.9245,4.4744,26.3064
-12,5.1824,28.0047,4.6677,26.766
-11,5.2209,28.1651,4.8609,27.207
-10,5.2426,28.1905,4.9633,27.4336
-9,5.2377,28.1888,4.9229,27.3447
-8,5.2328,28.1539,4.8825,27.2551
-7,5.2279,28.1393,4.8421,27.1648
-6,5.2022,28.1774,4.8053,27.0818
-5,5.1223,28.1947,4.7778,27.0195
-4,5.0425,28.0627,4.7503,26.9568
-3,4.9626,27.9417,4.7228,26.8937
-2,4.892,27.9189,4.7142,26.8739
-1,4.8675,27.9144,4.7999,27.0697
0,4.843,27.9806,4.8857,27.2621
1,4.8185,28.0045,4.9714,27.4512
2,4.7961,28.063,5.0466,27.6144
3,4.8097,28.1765,4.9433,27.3896
4,4.8233,28.1631,4.84,27.1601
5,4.8368,28.1432,4.7367,26.9256
6,4.8504,28.1056,4.6334,26.686
7,4.864,28.0758,4.709,26.8619
8,4.8776,28.0709,4.7952,27.059
9,4.8912,28.0619,4.8813,27.2525
10,4.9048,28.0401,4.9675,27.4427
11,4.9184,28.04,5.1353,27.8039
12,4.932,28.1343,5.3195,28.187
13,4.9456,28.2234,5.5037,28.557
14,4.9592,28.0456,5.688,28.9148
15,4.9728,27.9006,5.5463,28.6406
16,4.9863,27.8888,5.2792,28.1043
17,4.9999,27.8986,5.0122,27.54
18,5.0135,27.9992,4.7451,26.9449
19,4.9183,28.0528,4.8193,27.1136
20,4.7539,27.9163,5.1107,27.7517
21,4.5894,27.8243,5.4021,28.3544
22,4.4249,27.7878,5.6935,28.9254
23,4.3621,27.7785,5.7994,29.1258
24,4.401,27.7681,5.7199,28.9758
25,4.4399,27.7927,5.6404,28.8237
26,4.4788,27.9163,5.561,28.6694
27,4.5177,27.9915,5.4815,28.5129
28,4.5565,27.9023,5.402,28.3541
29,4.5954,27.8307,5.3225,28.193
30,4.6343,27.7861,5.243,28.0294
31,4.6681,27.7704,5.1738,27.8851
32,4.6886,27.8046,5.1315,27.7957
33,4.7092,27.8263,5.0891,27.7056
34,4.7297,27.7906,5.0468,27.6148
35,4.7503,27.7604,5.0169,27.5502
36,4.7708,27.7729,5.0493,27.6202
37,4.7914,27.8156,5.0817,27.6897
38,4.8119,27.9399,5.1141,27.7589
39,4.8325,27.9859,5.1396,27.813
40,4.853,27.8891,5.0485,27.6186
41,4.8736,27.8467,4.9574,27.4206
42,4.8941,27.8265,4.8663,27.219
43,4.9147,27.8862,4.7752,27.0135
44,4.9352,28.0625,4.7281,26.9058
45,4.9558,28.1612,4.6836,26.8031
46,4.9763,28.1662,4.6391,26.6994
47,4.9969,28.1499,4.5946,26.5946
48,5.0174,28.0983,4.6107,26.6326
49,5.038,28.1146,4.6389,26.6989
50,5.0585,28.214,4.6671,26.7647
51,5.0791,28.2094,4.6953,26.8302
52,5.0997,28.1312,4.7368,26.9259
53,5.1202,28.1118,4.7835,27.0325
54,5.1408,28.1378,4.8301,27.138
55,5.1613,28.2174,4.8768,27.2424
56,5.103,28.3478,4.9202,27.3388
57,4.9946,28.4004,4.9616,27.4298
58,4.8862,28.339,5.003,27.5201
59,4.7777,28.2662,5.0443,27.6096
60,4.7131,28.2324,5.0496,27.6209
61,4.6922,28.2315,5.0188,27.5543
62,4.6713,28.2507,4.9879,27.4873
63,4.6503,28.2712,4.9571,27.4199
64,4.6294,28.2842,4.9443,27.3918
65,4.6085,28.3022,4.9598,27.4259
66,4.5876,28.3252,4.9753,27.4599
67,4.5667,28.2755,4.9909,27.4938
68,4.5619,28.143,4.9988,27.5111
69,4.5988,28.1296,4.9871,27.4856
70,4.6356,28.2419,4.9754,27.4601
71,4.6725,28.3238,4.9638,27.4345
72,4.6958,28.3723,4.962,27.4306
73,4.6509,28.3532,5.0097,27.5346
74,4.6061,28.2713,5.0574,27.6376
75,4.5613,28.2228,5.1051,27.7397
76,4.5332,28.2272,5.1444,27.8232
77,4.7912,28.3994,5.0414,27.6033
78,5.0492,28.6393,4.9384,27.3789
79,5.3072,28.8115,4.8354,27.1498
80,5.5652,28.8813,4.7324,26.9157
81,5.3859,28.7742,4.7933,27.0546
82,5.1809,28.6829,4.8638,27.2134
83,4.9758,28.5712,4.9343,27.3698
84,4.7708,28.4161,5.0048,27.5241
85,4.7131,28.3377,4.8923,27.2769
86,4.6849,28.3326,4.7431,26.9404
87,4.6568,28.2902,4.594,26.5931
88,4.6286,28.1778,4.4449,26.2344
89,4.6429,28.1572,4.417,26.1661
90,4.6736,28.2683,4.4358,26.2122
91,4.7043,28.379,4.4546,26.2581
92,4.7351,28.4755,4.4733,26.3038
93,4.7915,28.5057,4.4921,26.3493
94,4.8643,28.4363,4.5109,26.3946
95,4.9372,28.3743,4.5296,26.4398
96,5.01,28.3658,4.5484,26.4847
97,4.931,28.3324,4.5583,26.5083
98,4.7003,28.3189,4.5593,26.5106
99,4.4695,28.2136,4.5603,26.513
100,4.2387,27.9933,4.5612,26.5153
101,4.1194,27.9385,4.5596,26.5114
102,4.1753,28.1506,4.5538,26.4977
103,4.2311,28.3191,4.5481,26.4839
104,4.287,28.225,4.5423,26.4702
105,4.3356,28.1674,4.5323,26.4461
106,4.3656,28.1887,4.5111,26.3953
107,4.3956,28.1927,4.49,26.3442
108,4.4255,28.1593,4.4689,26.2929
109,4.4744,28.1759,4.4552,26.2597
110,4.6177,28.3559,4.4793,26.3182
111,4.761,28.4659,4.5033,26.3763
112,4.9043,28.2545,4.5273,26.4342
113,5.0343,28.1457,4.5511,26.4911
114,4.9384,28.2115,4.5705,26.5375
115,4.8425,28.2709,4.59,26.5836
116,4.7466,28.3419,4.6095,26.6296
117,4.6506,28.343,4.6289,26.6754
118,4.7191,28.2444,4.5932,26.5913
119,4.7973,28.1981,4.5543,26.4988
120,4.8754,28.4172,4.5154,26.4055
121,4.9536,28.5637,4.4765,26.3114
122,4.856,28.5049,4.4964,26.3596
123,4.7232,28.413,4.528,26.4358
124,4.5905,28.2274,4.5596,26.5114
125,4.4577,28.0607,4.5912,26.5865
126,4.5513,28.2657,4.6228,26.6611
127,4.732,28.4822,4.6545,26.7352
128,4.9127,28.6603,4.6861,26.8088
129,5.0933,28.816,4.7177,26.8819
130,5.1383,28.8245,4.7374,26.9273
131,5.0968,28.7834,4.7496,26.9552
132,5.0553,28.6612,4.7618,26.9829
133,5.0138,28.5062,4.7739,27.0107
134,4.9378,28.5626,4.8201,27.1154
135,4.8272,28.5525,4.9004,27.2949
136,4.7166,28.4354,4.9807,27.4715
137,4.6061,28.3003,5.0609,27.6453
138,4.5787,28.1437,5.0788,27.6835
139,4.682,28.0375,4.9985,27.5104
140,4.7853,28.1755,4.9182,27.3344
141,4.8887,28.3341,4.838,27.1555
142,4.9693,28.3329,4.7773,27.0184
143,4.9907,28.2841,4.7676,26.9962
144,5.0122,28.4224,4.7578,26.974
145,5.0336,28.6077,4.7481,26.9517
146,5.0355,28.3826,4.7286,26.9071
147,4.9394,28.2407,4.6605,26.7494
148,4.8434,28.2433,4.5924,26.5894
149,4.7473,28.3054,4.5243,26.427
150,4.66,28.308,4.4611,26.274
151,4.7227,28.3541,4.4805,26.3213
152,4.7854,28.4162,4.5,26.3684
153,4.8481,28.4868,4.5195,26.4153
154,4.9107,28.5643,4.5389,26.462
155,4.7685,28.555,4.5239,26.426
156,4.6143,28.4431,4.5069,26.385
157,4.4601,28.2887,4.4899,26.3439
158,4.3058,28.2416,4.4728,26.3026
159,4.3626,28.3445,4.5511,26.4911
160,4.4617,28.4929,4.6484,26.721
161,4.5607,28.612,4.7457,26.9462
162,4.6597,28.5099,4.843,27.1668
163,4.6904,28.2039,4.8657,27.2178
164,4.6948,28.0814,4.8599,27.2046
165,4.6992,28.1211,4.854,27.1914
166,4.7036,28.125,4.8481,27.1782
167,4.6938,28.0937,4.8434,27.1678
168,4.6751,28.0508,4.8396,27.1592
169,4.6563,28.0149,4.8358,27.1506
170,4.6375,28.0631,4.8319,27.1419
171,4.6459,28.169,4.8312,27.1404
172,4.6813,28.2156,4.8336,27.1458
173,4.7167,28.1984,4.8361,27.1513
174,4.752,28.1652,4.8385,27.1568
175,4.7877,28.1273,4.8438,27.1686
176,4.8236,28.1383,4.8535,27.1904
177,4.8595,28.2384,4.8632,27.2122
178,4.8955,28.3197,4.873,27.2339
179,4.9251,28.3589,4.8854,27.2616
180,4.9385,28.3593,4.9049,27.3048
181,4.9519,28.253,4.9243,27.3478
182,4.9653,28.1583,4.9438,27.3907
183,4.9769,28.2991,4.9564,27.4183
184,4.9798,28.441,4.9345,27.3702
185,4.9826,28.2052,4.9126,27.3219
186,4.9855,28.125,4.8907,27.2733
187,4.9927,28.2392,4.8688,27.2246
188,5.075,28.4173,4.8469,27.1756
189,5.1573,28.2044,4.825,27.1264
190,5.2396,28.0316,4.8031,27.0769
191,5.3219,28.1213,4.7812,27.0273
192,5.1809,28.1483,4.7984,27.0662
193,5.0268,28.1957,4.8178,27.1102
194,4.8726,28.2145,4.8373,27.154
195,4.7185,28.1652,4.8568,27.1977
196,4.7599,28.1849,4.8539,27.1913
197,4.8404,28.1995,4.8466,27.175
198,4.9209,28.2046,4.8393,27.1586
199,5.0014,28.1421,4.832,27.1422
200,4.9552,28.0549,4.83,27.1376
201,4.8604,28.0709,4.83,27.1376
202,4.7655,28.1247,4.83,27.1376
203,4.6706,28.0997,4.83,27.1376
204,4.6799,28.0502,4.7958,27.0604
205,4.7556,28.0163,4.7399,26.9329
206,4.8312,28.0257,4.6839,26.8038
207,4.9068,28.0799,4.628,26.6732
208,4.9528,28.1294,4.6097,26.6302
209,4.9692,28.3669,4.6292,26.676
210,4.9855,28.9149,4.6486,26.7216
211,5.0019,28.9499,4.6681,26.7669
212,5.0654,28.3398,4.7064,26.8559
213,5.2029,28.0546,4.7746,27.0121
214,5.3404,28.0454,4.8427,27.1661
215,5.478,28.0999,4.9108,27.318
216,5.544,28.2933,4.9607,27.4278
217,5.4243,28.334,4.9631,27.4331
218,5.3046,28.1993,4.9655,27.4384
219,5.1849,28.095,4.968,27.4438
220,5.0871,28.0457,4.9611,27.4287
221,5.0986,28.042,4.9076,27.3108
222,5.1101,28.1162,4.8541,27.1916
223,5.1216,28.1968,4.8005,27.0711
224,5.1306,28.1902,4.7524,26.9616
225,5.0987,28.1698,4.7962,27.0613
226,5.0668,28.1274,4.84,27.1601
227,5.0349,28.088,4.8838,27.258
228,5.003,28.0684,4.9276,27.355
229,4.9388,28.0369,4.8802,27.2501
230,4.8728,27.9645,4.8275,27.132
231,4.8068,27.8791,4.7748,27.0127
232,4.7408,27.893,4.7221,26.892
233,4.7594,27.9523,4.7167,26.8796
234,4.7949,27.9521,4.7208,26.8889
235,4.8305,27.929,4.7248,26.8983
236,4.8661,27.9071,4.7289,26.9076
237,4.8721,27.8589,4.7405,26.9344
238,4.8668,27.8103,4.7551,26.9678
239,4.8616,27.7861,4.7697,27.0011
240,4.8563,27.8278,4.7843,27.0343
241,4.851,27.9154,4.9074,27.3105
242,4.8457,27.9562,5.0996,27.728
243,4.8404,27.9544,5.2918,28.1301
244,4.8351,27.9389,5.4839,28.5178
245,4.8375,27.8998,5.5107,28.5707
246,4.8475,27.8791,5.372,28.2937
247,4.8575,27.9043,5.2334,28.0095
248,4.8675,27.9366,5.0947,27.7176
249,4.8948,27.9604,5.0195,27.5558
250,4.9491,27.9839,5.0438,27.6084
251,5.0035,27.929,5.0681,27.6607
252,5.0579,27.8826,5.0924,27.7127
253,5.1122,27.8944,5.0796,27.6853
254,5.1666,27.9054,4.9701,27.4485
255,5.221,28.0351,4.8607,27.2064
256,5.2753,28.1261,4.7512,26.9589
257,5.3129,28.1984,4.6677,26.7661
258,5.2666,28.3127,4.7139,26.8732
259,5.2203,28.4185,4.7601,26.9792
260,5.1741,28.4767,4.8064,27.0843
261,5.1254,28.3052,4.8465,27.1748
262,5.0371,28.091,4.7844,27.0346
263,4.9488,28.0413,4.7223,26.8926
264,4.8606,28.076,4.6602,26.7487
265,4.7871,28.059,4.6576,26.7426
266,4.7276,27.9546,4.7114,26.8675
267,4.6682,27.9499,4.7652,26.9909
268,4.669,28.1058,4.8,27.0699
269,4.7211,28.1664,4.8185,27.1117
270,4.7732,28.1073,4.837,27.1533
271,4.8254,28.0184,4.8555,27.1948
272,4.8775,28.0343,4.874,27.2361
273,4.9296,28.0445,4.8925,27.2773
274,4.9818,28.0258,4.9299,27.3602
275,5.0339,28.0192,4.9804,27.4709
276,5.086,28.0605,5.0308,27.5804
277,5.0604,28.0825,4.9854,27.4817
278,4.9872,28.2941,4.8811,27.252
279,4.914,28.3916,4.7768,27.0173
280,4.8408,28.2863,4.8683,27.2235
281,4.7676,28.0656,5.0667,27.6578
282,4.6944,27.9709,5.2652,28.0753
283,4.7889,28.0372,5.2349,28.0126
284,4.9649,28.0231,5.0936,27.7153
285,5.1409,27.9429,4.9524,27.4096
286,5.1107,27.8928,4.9171,27.3318
287,4.9922,27.9087,4.9272,27.3541
288,4.8737,27.9267,4.9372,27.3763
289,4.8632,27.9489,4.9327,27.3662
290,4.8932,27.9971,4.9226,27.344
291,4.9233,28.0668,4.9125,27.3217
292,4.8274,28.0627,4.9277,27.3554
293,4.6903,28.0068,4.9513,27.4072
294,4.5533,27.9336,4.9748,27.4587
295,4.5959,27.8513,5.0771,27.6799
296,4.6892,27.8365,5.2015,27.9431
297,4.7826,27.9691,5.3259,28.2
298,4.8121,28.2043,5.3988,28.3478
299,4.8264,28.1386,5.4594,28.469
300,4.8407,28.0631,5.5199,28.5889
301,4.855,27.9931,5.4291,28.4086
302,4.8692,27.924,5.308,28.1634
303,4.8835,27.9807,5.187,27.9126
304,4.8788,28.1568,5.037,27.5936
305,4.8709,28.2568,4.8822,27.2546
306,4.863,28.2025,4.7275,26.9045
307,4.8552,28.0879,4.7368,26.9259
308,4.8473,27.9864,4.7671,26.9952
309,4.8394,27.9612,4.7974,27.064
310,4.8316,28.0155,4.8123,27.0977
311,4.8237,28.061,4.8257,27.128
312,4.8159,28.0254,4.8392,27.1583
313,4.808,27.9851,4.8242,27.1245
314,4.8001,28.0241,4.8074,27.0866
315,4.7923,28.0504,4.7906,27.0485
316,4.7844,28.0367,4.894,27.2808
317,4.7765,28.0171,5.0017,27.5172
318,4.7687,28.1141,5.1093,27.7486
319,4.9557,28.337,5.0699,27.6645
320,5.144,28.4227,5.0296,27.5777
321,5.3323,28.4429,4.9893,27.4902
322,5.5206,28.4499,4.9523,27.4093
323,5.7089,28.4499,4.9153,27.3278
324,5.8832,28.4408,4.8682,27.2233
325,5.7717,28.3111,4.616,26.645
326,5.6601,28.2105,4.3637,26.0342
327,5.5488,28.1834,4.1524,25.4947
328,5.4396,28.1585,4.4585,26.2677
329,5.3305,28.1467,4.7646,26.9893
330,5.2282,28.1395,5.0195,27.5559
331,5.1883,28.1371,4.8143,27.1023
332,5.1484,28.1343,4.6092,26.6289
333,5.1146,28.1235,4.4492,26.2449
334,5.1234,28.1266,4.6005,26.6085
335,5.1321,28.1606,4.7519,26.9603
336,5.1409,28.2012,4.8697,27.2266
337,5.1497,28.2029,4.8024,27.0754
338,5.1584,28.1861,4.7352,26.9221
339,5.1803,28.2023,4.697,26.834
340,5.2619,28.2725,4.7911,27.0498
341,5.3435,28.2886,4.8853,27.2613
342,5.3666,28.1713,4.935,27.3713
343,5.1656,28.0141,4.8139,27.1013
344,4.9646,27.9726,4.6928,26.8244
345,4.7635,27.9221,4.5788,26.5571
346,4.5625,27.8528,4.488,26.3394
347,4.3615,27.7832,4.3972,26.1172
348,4.2312,27.7871,4.3667,26.0416
349,4.3022,27.8889,4.508,26.3877
350,4.3732,27.8704,4.6492,26.723
351,4.4442,27.8377,4.7365,26.9251
352,4.5152,27.9059,4.6894,26.8166
353,4.5863,28.0349,4.6423,26.7069
354,4.6404,28.1357,4.5837,26.5686
355,4.6575,28.1774,4.4996,26.3674
356,4.6747,28.1756,4.4155,26.1623
357,4.6918,28.073,4.3314,25.9534
358,4.7089,27.9441,4.2473,25.7403
359,4.7261,28.0482,4.1633,25.5229
360,4.7432,28.1076,4.1914,25.5962
361,4.7603,28.2157,4.4134,26.1571
362,4.7775,28.362,4.6353,26.6905
363,4.7968,28.2047,4.7674,26.9957
364,4.8195,28.0101,4.7606,26.9804
365,4.8423,27.9242,4.7539,26.965
366,4.9597,27.9161,4.7528,26.9625
367,5.208,28.1178,4.7596,26.9779
368,5.4563,28.4641,4.7663,26.9933
369,5.4788,28.5688,4.7955,27.0598
370,5.2216,28.3319,4.8527,27.1886
371,4.9645,28.1156,4.9099,27.3159
372,4.7948,27.9547,4.8922,27.2768
373,4.7226,27.8647,4.7913,27.0503
374,4.6503,28.0042,4.6904,26.8189
375,4.6095,28.1098,4.6686,26.7682
376,4.6002,28.1055,4.7258,26.9005
377,4.5908,28.0954,4.7829,27.0312
378,4.6314,28.1436,4.7728,27.0081
379,4.7167,28.2088,4.7022,26.8461
380,4.8021,28.2524,4.6315,26.6816
381,4.8863,28.286,4.6856,26.8077
382,4.9696,28.3489,4.8403,27.1608
383,5.0529,28.4513,4.995,27.5028
384,4.9844,28.4554,5.0444,27.6097
385,4.8059,28.3158,5.0175,27.5516
386,4.6274,28.1918,4.9906,27.4931
387,4.6527,28.2768,4.9535,27.412
388,4.8103,28.4261,4.9098,27.3156
389,4.9679,28.4751,4.866,27.2184
390,5.0163,28.461,4.8031,27.077
391,5.0015,28.3858,4.7291,26.9083
392,4.9867,28.2955,4.6552,26.7369
393,4.9583,28.1201,4.61,26.6309
394,4.9229,27.9638,4.5798,26.5593
395,4.8876,27.9606,4.5495,26.4873
396,4.8505,28.1148,4.54,26.4646
397,4.8127,28.2397,4.54,26.4646
398,4.7749,28.234,4.54,26.4646
399,4.8163,28.2632,4.5736,26.5447
400,4.8895,28.3694,4.6207,26.656
401,4.9628,28.4985,4.6678,26.7662
402,5.0916,28.4637,4.7422,26.9383
403,5.2398,28.3802,4.8263,27.1293
404,5.3881,28.5001,4.9104,27.317
405,5.2853,28.6426,4.912,27.3205
406,5.106,28.5802,4.8884,27.2683
407,4.9268,28.4101,4.8649,27.2158
408,4.9836,28.3359,4.8813,27.2526
409,5.102,28.2014,4.9083,27.3123
410,5.2203,28.0897,4.9352,27.3717
411,5.1508,28.1146,4.8324,27.1431
412,5.0399,28.1177,4.7013,26.844
413,4.9291,28.1524,4.5701,26.5364
414,4.8579,28.221,4.587,26.5766
415,4.7938,28.1277,4.6307,26.6797
416,4.7297,28.0024,4.6745,26.7818
417,4.6882,28.0061,4.6124,26.6367
418,4.6498,28.0736,4.5351,26.4528
419,4.6115,28.0879,4.4577,26.2658
420,4.6501,28.0653,4.5348,26.452
421,4.6972,28.0719,4.6289,26.6754
422,4.7442,28.1967,4.7231,26.8943
423,4.8189,28.3369,4.8422,27.165
424,4.8957,28.3066,4.9633,27.4335
425,4.9725,28.2425,5.0843,27.6955
426,4.9196,28.4126,5.2375,28.018
427,4.8603,28.532,5.3922,28.3344
428,4.8011,28.5402,5.5469,28.6419
429,4.6206,28.4492,5.4313,28.4131
430,4.4377,28.2273,5.3103,28.168
431,4.2565,27.9376,5.1891,27.9172
432,4.3424,27.8738,5.058,27.6389
433,4.4282,28.0204,4.9268,27.3533
434,4.5114,28.2508,4.8045,27.08
435,4.5171,28.1632,4.939,27.3802
436,4.5228,28.1087,5.0735,27.6723
437,4.5366,28.0867,5.1871,27.9129
438,4.6757,28.1111,4.9718,27.4522
439,4.8149,28.1846,4.7566,26.9712
440,4.9368,28.3017,4.5784,26.556
441,4.8756,28.2606,4.7902,27.0478
442,4.8144,28.1045,5.0021,27.5182
443,4.7546,28.0074,5.1759,27.8894
444,4.7055,28.0126,5.0515,27.6249
445,4.6564,28.0245,4.927,27.3538
446,4.6073,28.1116,4.8106,27.0938
447,4.5582,28.2082,4.7433,26.9408
448,4.5091,28.2,4.6761,26.7855
449,4.4562,28.153,4.6346,26.6887
450,4.3839,28.0789,4.722,26.8919
451,4.3115,27.9797,4.8095,27.0913
452,4.2862,27.9685,4.8839,27.2582
453,4.4567,28.2057,4.9041,27.3031
454,4.6273,28.4074,4.9243,27.3477
455,4.7636,28.2545,4.9259,27.3514
456,4.7784,28.0567,4.862,27.2095
457,4.7933,28.071,4.7981,27.0657
458,4.8389,28.1391,4.75,26.9561
459,4.9787,28.1632,4.75,26.9561
460,5.1185,28.1174,4.75,26.9561
461,5.1817,28.0939,4.761,26.9813
462,5.0414,28.0976,4.8014,27.073
463,4.901,28.0786,4.8417,27.164
464,4.8483,28.044,4.8738,27.2357
465,5,28.0806,4.8863,27.2636
466,5.1517,28.1018,4.8989,27.2915
467,5.229,28.105,4.9068,27.3091
468,5.1532,28.1546,4.9053,27.3058
469,5.0774,28.2819,4.9038,27.3025
470,5.0016,28.2339,4.9023,27.2992
471,4.9258,27.997,4.9008,27.2958
472,4.85,27.8618,4.8993,27.2925
473,4.7741,27.884,4.8283,27.1338
474,4.6983,27.9206,4.6439,26.7105
475,4.6225,27.8507,4.4594,26.27
476,4.5809,27.7994,4.391,26.1019
477,4.5891,27.8772,4.4919,26.3489
478,4.5973,27.9948,4.5928,26.5903
479,4.6055,28.0128,4.6704,26.7724
480,4.6137,27.9237,4.7175,26.8814
481,4.6219,27.8403,4.7646,26.9894
482,4.658,27.8239,4.8488,27.1798
483,4.7267,27.8194,4.9766,27.4626
484,4.7954,27.8061,5.1044,27.7382
485,4.8273,27.7848,5.1144,27.7596
486,4.8204,27.7759,5.0002,27.5141
487,4.8135,27.7728,4.886,27.263
488,4.8066,27.7882,4.7718,27.0059
489,4.7997,27.8242,4.6576,26.7426
490,4.7909,27.8481,4.6591,26.7461
491,4.7819,27.8278,4.6689,26.7689
492,4.7729,27.8085,4.6787,26.7917
493,4.7639,27.8096,4.6885,26.8144
494,4.7549,27.8099,4.6983,26.837
495,4.7459,27.825,4.708,26.8596
496,4.7305,27.8432,4.7705,27.0029
497,4.7135,27.8435,4.8461,27.1739
498,4.6965,27.8292,4.9218,27.3422
499,4.6795,27.8466,4.9974,27.5079
500,4.6625,27.9421,5.073,27.6712
501,4.6455,27.981,5.1486,27.832
502,4.7149,27.9602,5.1723,27.8818
503,4.8275,28.0017,5.1699,27.8768
504,4.94,28.1103,5.1675,27.8718
505,5.0526,28.1135,5.1651,27.8668
506,5.1651,28.0226,5.1628,27.8618
507,5.2777,28.0665,5.1604,27.8568
508,5.3421,28.1195,5.1228,27.7774
509,5.3645,28.1975,5.0545,27.6313
510,5.3869,28.2589,4.9861,27.4833
511,5.4093,28.1885,4.9177,27.3333
512,5.4317,28.1402,4.8494,27.1811
513,5.4541,28.2662,4.781,27.0268
514,5.4259,28.3198,4.7563,26.9705
515,5.3219,28.1543,4.7971,27.0632
516,5.2179,28.0252,4.8378,27.1552
517,5.1139,28.0221,4.8786,27.2464
518,5.0099,28.0011,4.9193,27.3369
519,4.9059,27.9684,4.9601,27.4265
520,4.825,27.9216,4.9778,27.4653
521,4.8077,27.8875,4.9322,27.3652
522,4.7904,27.912,4.8865,27.2641
523,4.7731,27.9578,4.8409,27.1621
524,4.7558,27.973,4.7952,27.0591
525,4.7385,27.9739,4.7496,26.9551
526,4.7211,27.8916,4.7069,26.857
527,4.7038,27.8189,4.6838,26.8034
528,4.6865,27.9056,4.6606,26.7496
529,4.6692,27.9522,4.6375,26.6955
530,4.6519,27.9252,4.6143,26.6411
531,4.6346,27.9122,4.5912,26.5864
532,4.6173,27.9172,4.568,26.5315
533,4.6261,27.9235,4.5667,26.5284
534,4.6349,27.9239,4.5654,26.5252
535,4.6436,27.9232,4.5641,26.5221
536,4.6524,27.9214,4.5628,26.519
537,4.6612,27.8977,4.5615,26.5159
538,4.67,27.8766,4.5602,26.5128
539,4.6787,27.9697,4.6448,26.7126
540,4.6875,28.036,4.7426,26.9392
541,4.6963,27.9114,4.8404,27.1611
542,4.7051,27.829,4.9383,27.3786
543,4.7138,27.8598,5.0361,27.5918
544,4.7226,27.9474,5.1339,27.8009
545,4.7553,28.0725,5.093,27.714
546,4.7966,28.1648,5.0017,27.5174
547,4.838,28.2381,4.9104,27.3171
548,4.8794,28.2021,4.8191,27.1131
549,4.9207,28.1298,4.7278,26.9052
550,4.9621,28.1249,4.6365,26.6933
551,4.9406,28.1078,4.6333,26.6856
552,4.8772,28.0556,4.6887,26.8149
553,4.8137,28.0031,4.7441,26.9426
554,4.7503,27.9756,4.7996,27.0689
555,4.6869,27.9469,4.855,27.1937
556,4.6234,27.9139,4.9104,27.3171
557,4.5916,27.9132,4.9134,27.3236
558,4.5957,27.9561,4.8563,27.1967
559,4.5998,27.9125,4.7992,27.0682
560,4.6039,27.8278,4.7422,26.9382
561,4.6081,27.9088,4.6851,26.8066
562,4.6122,28.0738,4.628,26.6734
563,4.625,27.9581,4.5895,26.5824
564,4.655,27.8256,4.5878,26.5785
565,4.6851,28.0395,4.5862,26.5746
566,4.7151,28.2431,4.5846,26.5708
567,4.7452,28.0917,4.5829,26.5669
568,4.7752,28.0161,4.5813,26.563
569,4.7961,27.9695,4.5807,26.5615
570,4.78,27.9653,4.5839,26.5692
571,4.7639,28.0766,4.5872,26.5769
572,4.7478,28.0329,4.5904,26.5847
573,4.7317,27.9017,4.5937,26.5924
574,4.7156,27.9564,4.597,26.6001
575,4.6995,28.0333,4.6036,26.6158
576,4.6834,28.0409,4.6574,26.7421
577,4.6673,28.0434,4.7112,26.8669
578,4.6512,28.0219,4.765,26.9903
579,4.6351,28.0152,4.8188,27.1124
580,4.6191,28.0426,4.8726,27.2331
581,4.603,28.0679,4.9264,27.3525
582,4.6335,28.1248,4.965,27.4373
583,4.6674,28.085,5.0025,27.519
584,4.7013,27.9829,5.04,27.6002
585,4.7352,28.0611,5.0775,27.6808
586,4.7691,28.2596,5.115,27.7608
587,4.803,28.3845,5.1525,27.8402
588,4.8369,28.4671,5.0948,27.7177
589,4.8708,28.3572,5.0133,27.5424
590,4.9047,28.2691,4.9317,27.3642
591,4.9386,28.2971,4.8502,27.183
592,4.9725,28.3129,4.7687,26.9988
593,5.0064,28.307,4.6872,26.8114
594,5.0403,28.3101,4.6622,26.7532
595,5.0742,28.3206,4.6654,26.7608
596,5.1081,28.3436,4.6687,26.7684
597,5.142,28.3712,4.672,26.776
598,5.1759,28.2825,4.6752,26.7836
599,5.2098,28.1675,4.6785,26.7912
600,5.1958,28.264,4.6904,26.8189
601,5.1398,28.3267,4.71,26.8642
602,5.0838,28.2177,4.7296,26.9092
603,5.0279,28.187,4.7491,26.9541
604,4.9719,28.2954,4.7687,26.9988
605,4.9159,28.3702,4.7883,27.0433
606,4.8634,28.3405,4.8137,27.1008
607,4.8162,28.1846,4.8479,27.1778
608,4.7689,28.0256,4.8821,27.2542
609,4.7216,28.0664,4.9163,27.3301
610,4.6744,28.1472,4.9505,27.4054
611,4.6271,28.006,4.9847,27.4803
612,4.5887,27.9286,5.0102,27.5358
613,4.5746,28.1914,5.0119,27.5394
614,4.5605,28.2974,5.0135,27.543
615,4.5464,28.1403,5.0152,27.5466
616,4.5324,28.0802,5.0169,27.5503
617,4.5183,28.092,5.0186,27.5539
618,4.5087,28.129,5.0174,27.5514
619,4.5287,28.1781,4.9978,27.5089
620,4.5487,28.2979,4.9783,27.4663
621,4.5686,28.461,4.9587,27.4234
622,4.5886,28.3286,4.9391,27.3805
623,4.6086,28.2429,4.9196,27.3373
624,4.6286,28.3314,4.9,27.294
625,4.7204,28.4173,4.8995,27.2928
626,4.8122,28.4443,4.8989,27.2916
627,4.904,28.5211,4.8984,27.2905
628,4.9959,28.6414,4.8979,27.2893
629,5.0877,28.5883,4.8973,27.2881
630,5.1795,28.423,4.8968,27.2869
631,5.1741,28.443,4.8602,27.2053
632,5.1537,28.4617,4.818,27.1106
633,5.1333,28.4589,4.7759,27.0151
634,5.113,28.4924,4.7337,26.9187
635,5.0926,28.5746,4.6915,26.8214
636,5.0722,28.5893,4.6494,26.7233
637,5.0486,28.5558,4.6443,26.7115
638,5.0238,28.5065,4.6528,26.7313
639,4.9991,28.443,4.6612,26.751
640,4.9743,28.5277,4.6697,26.7707
641,4.9495,28.6554,4.6782,26.7904
642,4.9248,28.6124,4.6866,26.8101
643,4.9014,28.5695,4.6949,26.8292
644,4.8789,28.5593,4.703,26.8481
645,4.8565,28.5012,4.7112,26.8669
646,4.834,28.3833,4.7193,26.8857
647,4.8116,28.3755,4.7275,26.9045
648,4.7891,28.4242,4.7357,26.9232
649,4.7962,28.4702,4.7674,26.9958
650,4.8371,28.5211,4.8261,27.1288
651,4.878,28.7249,4.8848,27.2602
652,4.9189,28.9834,4.9435,27.39
653,4.9598,28.7474,5.0022,27.5183
654,5.0007,28.6629,5.0609,27.6451
655,5.0232,28.7228,5.091,27.7097
656,5.0088,28.7433,5.0641,27.6521
657,4.9944,28.7121,5.0372,27.5942
658,4.9801,28.7654,5.0103,27.536
659,4.9657,28.8638,4.9834,27.4775
660,4.9514,28.6765,4.9565,27.4187
661,4.937,28.4658,4.9296,27.3595
662,4.9226,28.4561,4.9027,27.3
663,4.9083,28.4387,4.8758,27.2402
664,4.8939,28.3971,4.8489,27.1801
665,4.8796,28.4051,4.822,27.1196
666,4.8652,28.4506,4.7951,27.0588
667,4.8508,28.4183,4.7798,27.024
668,4.8365,28.3337,4.9264,27.3524
669,4.8221,28.3386,5.073,27.6712
670,4.8078,28.3637,5.2197,27.981
671,4.7934,28.3941,5.3163,28.1804
672,4.779,28.4661,5.0132,27.5422
673,4.7647,28.6425,4.8052,27.0817
674,4.7503,28.6563,4.7878,27.0422
675,4.779,28.4615,4.7519,26.9604
676,4.8421,28.414,4.7012,26.8439
677,4.9216,28.4627,4.6506,26.7263
678,5.0058,28.4689,4.6,26.6073
679,5.0997,28.4607,4.697,26.8342
680,5.1619,28.574,4.791,27.0494
681,5.1134,28.6247,4.8739,27.236
682,5.0828,28.611,4.9275,27.3549
683,5.0746,28.4514,4.9444,27.392
684,4.846,28.0483,5.0888,27.7049
685,4.5073,27.9683,5.2969,28.1406
686,4.6789,28.3467,5.1503,27.8356
687,4.9158,28.5446,4.9663,27.44
688,5.1654,28.6645,4.8365,27.1523
689,5.2337,28.5676,4.8925,27.2774
690,4.9394,28.3467,5.32,28.1879
691,4.7113,28.2294,5.3319,28.2121
692,4.5362,28.1865,5.0112,27.538
693,4.6946,28.3531,4.9446,27.3926
694,4.9483,28.3619,4.9506,27.4057
695,4.7986,28.0955,4.9566,27.4188
696,4.67,28.0251,5.0073,27.5295
697,4.6156,28.0172,5.2148,27.9707
698,4.5565,28.0823,5.395,28.3401
699,4.4915,28.123,5.5412,28.6308
700,4.473,27.8575,5.6875,28.914
701,4.4778,27.7957,5.8338,29.1899
702,4.4826,28.0854,5.59,28.726
703,4.4927,28.1431,5.3157,28.1791
704,4.5448,28.1146,5.1867,27.912
705,4.6805,28.1876,5.0894,27.7061
706,4.9835,28.3527,5.0554,27.6334
707,5.0143,28.191,5.0215,27.5602
708,4.8275,28.0095,4.9875,27.4865
709,4.6103,28.0515,4.9406,27.3838
710,4.3844,28.0066,4.89,27.2718
711,4.376,27.9915,4.8394,27.1587
712,4.3757,27.9275,4.8132,27.0998
713,4.4039,27.8873,4.8726,27.2332
714,4.4321,28.0363,4.9321,27.3649
715,4.4602,28.2126,4.9915,27.4951
716,4.4884,28.2872,4.9331,27.3672
717,4.5166,28.3075,4.8158,27.1057
718,4.5162,28.139,4.6985,26.8377
719,4.5122,27.9718,4.6178,26.6492
720,4.5082,27.8292,4.8291,27.1356
721,4.5042,27.9306,5.0234,27.5644
722,4.5002,28.1463,5.1837,27.9059
723,4.4962,28.0853,5.3441,28.237
724,4.4923,28.014,5.5044,28.5582
725,4.4988,28.1066,5.33,28.2083
726,4.5083,28.1337,5.06,27.6433
727,4.4257,28.0344,4.8069,27.0855
728,4.3432,28.0501,4.6675,26.7656
729,4.2607,28.1834,4.9262,27.3521
730,4.364,28.0868,5.1475,27.8296
731,4.6996,27.9275,5.3219,28.1917
732,4.8157,28.0279,5.3406,28.23
733,4.822,28.0392,5.2816,28.1091
734,4.7909,27.9399,5.2225,27.9869
735,4.7551,27.898,5.1653,27.8671
736,4.7192,27.9508,5.123,27.7778
737,4.6834,28.0164,5.1235,27.7788
738,4.6476,28.0459,5.2096,27.96
739,4.6788,28.1337,5.5369,28.6223
740,4.7636,28.2209,6.0571,29.5983
741,4.8541,27.9133,5.5984,28.7423
742,4.9462,27.8461,4.86,27.2049
743,4.9358,27.9565,4.9725,27.4537
744,4.9255,28.04,5.0975,27.7235
745,4.9151,28.0561,5.2662,28.0775
746,4.9048,28.0955,5.2325,28.0077
747,4.8944,28.1559,4.9456,27.3948
748,4.8841,27.9319,4.8403,27.1607
749,4.8737,27.8373,4.8257,27.1279
750,4.8633,27.9031,4.8219,27.1194
751,4.853,27.9851,4.8195,27.1139
752,4.8426,28.0886,4.817,27.1084
753,4.8323,27.9937,4.8972,27.2878
754,4.8219,27.8148,5.0031,27.5204
755,4.8116,27.82,5.109,27.748
756,4.8012,27.8362,5.2149,27.971
757,4.7909,27.8461,5.2582,28.0609
758,4.7805,27.8368,5.1464,27.8273
759,4.7702,27.8095,5.0346,27.5885
760,4.7598,27.792,4.9228,27.3444
761,4.7495,27.7679,4.811,27.0947
762,4.7391,27.9499,4.839,27.1579
763,4.7287,28.1083,4.8994,27.2926
764,4.7184,28.1198,4.9597,27.4256
765,4.708,28.0719,5.02,27.5571
766,4.6952,27.8741,5.0456,27.6123
767,4.6777,27.7955,5.0029,27.5198
768,4.6601,27.8462,4.9601,27.4266
769,4.6426,27.9602,4.9174,27.3326
770,4.625,28.0479,4.8747,27.2377
771,4.6623,27.9788,5.0387,27.5973
772,4.7084,27.8986,5.2356,28.014
773,4.7546,27.8187,5.4325,28.4153
774,4.8007,27.9228,5.6294,28.8023
775,4.8113,28.1009,5.6904,28.9196
776,4.766,28.0373,5.5368,28.622
777,4.7208,27.8793,5.3831,28.316
778,4.6755,27.8744,5.2294,28.0011
779,4.6302,27.8934,5.0757,27.6769
780,4.6449,28.0782,5.0597,27.6427
781,4.6654,28.1702,5.057,27.6368
782,4.6858,28.1107,5.0543,27.631
783,4.7063,28.1791,5.0515,27.6251
784,4.7268,28.3795,5.0979,27.7244
785,4.7473,28.3551,5.2074,27.9554
786,4.7678,28.2675,5.3169,28.1816
787,4.7883,28.0931,5.4264,28.4032
788,4.8087,28.0372,5.5359,28.6203
789,4.8292,28.0444,5.4626,28.4754
790,4.8497,28.0678,5.3821,28.3141
791,4.8702,28.1174,5.3017,28.1504
792,4.8907,28.0292,5.2212,27.9842
793,4.9444,27.9706,5.1462,27.8269
794,5.0331,28.0122,5.077,27.6796
795,5.1219,28.1069,5.0077,27.5303
796,5.2106,28.257,4.9384,27.3789
797,5.2974,28.3734,4.8727,27.2332
798,5.2257,28.4619,5.0849,27.6967
799,5.1541,28.2501,5.2972,28.1413
800,5.0825,28.1225,5.5095,28.5684
801,5.0109,28.1372,5.7218,28.9794
802,5.0093,28.2074,5.7094,28.9557
803,5.068,28.3234,5.5036,28.5567
804,5.1266,28.2991,5.2978,28.1425
805,5.1852,28.1823,5.092,27.7118
806,5.2316,28.289,4.9029,27.3006
807,5.0936,28.3182,4.9647,27.4365
808,4.9557,28.3502,5.0264,27.5708
809,4.8177,28.306,5.0881,27.7035
810,4.6798,28.177,5.1498,27.8346
811,4.6888,28.1788,5.139,27.8116
812,4.801,28.2504,5.0772,27.6801
813,4.9133,28.1505,5.0154,27.547
814,5.0255,28.08,4.9536,27.4122
815,5.1174,28.2068,4.9048,27.3046
816,5.0495,28.4531,4.9587,27.4235
817,4.9816,28.7061,5.0126,27.541
818,4.9137,28.5283,5.0665,27.6573
819,4.8458,28.2772,5.1205,27.7724
820,4.8048,28.2685,5.103,27.7352
821,4.7792,28.3167,5.0449,27.6107
822,4.7535,28.55,4.9868,27.4848
823,4.7278,28.6532,4.9287,27.3574
824,4.7051,28.5817,4.8849,27.2605
825,4.698,28.3968,4.9151,27.3274
826,4.6909,28.0311,4.9452,27.3939
827,4.6838,28.1449,4.9754,27.46
828,4.6767,28.1856,5.0056,27.5257
829,4.6629,28.176,5.0357,27.591
830,4.6461,28.2058,5.0659,27.656
831,4.6293,28.2726,5.0961,27.7205
832,4.6125,28.1891,5.1262,27.7846
833,4.6025,28.0104,5.1543,27.8439
834,4.6177,28.0659,5.1744,27.8863
835,4.633,28.0925,5.1945,27.9284
836,4.6483,28.088,5.2146,27.9704
837,4.6636,28.1268,5.2347,28.0123
838,4.6789,28.2313,5.1774,27.8925
839,4.6941,28.142,5.0925,27.7128
840,4.7094,28.0619,5.0075,27.53
841,4.7247,28.0578,4.9226,27.3441
842,4.721,28.055,4.8724,27.2326
843,4.6639,28.0458,4.9196,27.3374
844,4.6068,28.1918,4.9668,27.4412
845,4.5497,28.4622,5.014,27.5439
846,4.4926,28.2534,5.0612,27.6458
847,4.5112,28.0652,5.0182,27.5531
848,4.5503,28.0878,4.9509,27.4063
849,4.5894,28.0999,4.8836,27.2575
850,4.6285,28.0998,4.8163,27.1067
851,4.6676,28.0804,4.7951,27.0589
852,4.7067,28.0574,4.8756,27.2397
853,4.7458,28.0671,4.956,27.4176
854,4.7849,28.078,5.0365,27.5926
855,4.824,28.0891,5.1169,27.7649
856,4.8197,28.0951,5.1525,27.8401
857,4.8069,28.1027,5.1793,27.8965
858,4.7942,28.1416,5.2061,27.9526
859,4.7815,28.2131,5.2329,28.0085
860,4.7839,28.281,5.2095,27.9598
861,4.813,28.3154,5.0978,27.7241
862,4.8421,28.2888,4.986,27.4832
863,4.8712,28.3415,4.8743,27.2369
864,4.9003,28.4017,4.7626,26.9848
865,4.871,28.4238,4.7718,27.0059
866,4.8342,28.4331,4.7964,27.0617
867,4.7974,28.4085,4.821,27.1173
868,4.7606,28.3535,4.8456,27.1726
869,4.7607,28.1975,4.8858,27.2625
870,4.8133,28.1902,4.9484,27.4008
871,4.866,28.2447,5.0109,27.5374
872,4.9186,28.3742,5.0735,27.6723
873,4.9713,28.3651,5.1361,27.8055
874,4.8348,28.1334,5.1924,27.924
875,4.6857,28.0388,5.2482,28.0403
876,4.5366,27.9993,5.3041,28.1554
877,4.3875,28.0222,5.36,28.2693
878,4.3196,28.0435,5.2887,28.1238
879,4.3462,27.9601,5.0697,27.6641
880,4.3728,27.9899,4.8507,27.1842
881,4.3994,28.1424,4.6317,26.682
882,4.426,28.1196,4.4127,26.1555
883,4.4526,28.0743,4.4762,26.3108
884,4.4792,28.0847,4.5432,26.4723
885,4.5058,28.1204,4.6103,26.6316
886,4.5324,28.2318,4.6773,26.7885
887,4.5923,28.1235,4.7489,26.9536
888,4.6838,27.9932,4.8249,27.1262
889,4.7753,28.0355,4.9009,27.296
890,4.8667,28.1072,4.9769,27.4632
891,4.9521,28.258,5.0487,27.6189
892,4.88,28.2383,5.0129,27.5416
893,4.8079,28.1009,4.9772,27.4638
894,4.7358,28.2131,4.9414,27.3855
895,4.6636,28.2229,4.9056,27.3065
896,4.6334,27.9698,4.8699,27.227
897,4.6357,28.0139,4.8341,27.1469
898,4.638,28.3283,4.7984,27.0662
899,4.6403,28.5093,4.7626,26.9849
900,4.6377,28.5338,4.7318,26.9143
901,4.5848,28.2588,4.7519,26.9604
902,4.5319,28.0141,4.772,27.0063
903,4.4789,27.9541,4.7921,27.052
904,4.426,27.956,4.8122,27.0975
905,4.3753,27.9903,4.8323,27.1428
906,4.326,27.8829,4.8524,27.188
907,4.2767,27.7937,4.8725,27.2329
908,4.2273,27.7927,4.8927,27.2777
909,4.1951,27.8348,4.8959,27.2848
910,4.2703,27.9477,4.7931,27.0542
911,4.3455,28.0018,4.6903,26.8186
912,4.4207,28.0997,4.5875,26.5777
913,4.4959,28.3082,4.4847,26.3314
914,4.5632,28.4097,4.4841,26.3298
915,4.6265,28.4707,4.5354,26.4537
916,4.6898,28.2752,4.5868,26.5762
917,4.7531,28.0283,4.6382,26.6973
918,4.8003,28.0946,4.6674,26.7653
919,4.778,28.1708,4.5999,26.6071
920,4.7557,28.2731,4.5325,26.4466
921,4.7334,28.1976,4.4651,26.2837
922,4.7111,28.151,4.3977,26.1183
923,4.6888,28.3917,4.4454,26.2358
924,4.6665,28.4084,4.5397,26.4638
925,4.6442,28.1926,4.6339,26.6871
926,4.6219,28.1043,4.7281,26.9059
927,4.5996,28.0424,4.7685,26.9982
928,4.5773,27.8369,4.6356,26.6911
929,4.555,27.7979,4.5028,26.3751
930,4.5326,27.9416,4.3699,26.0496
931,4.4987,27.9588,4.4054,26.1375
932,4.4628,27.9711,4.4707,26.2973
933,4.549,28.2522,4.5317,26.4448
934,4.7353,28.4472,4.5894,26.5823
935,4.9396,28.5259,4.6472,26.7181
936,5.1977,28.4536,4.7049,26.8523
937,5.4558,28.3532,4.7626,26.9848
938,5.0819,28.4497,4.7839,27.0333
939,4.6747,28.3995,4.8032,27.0772
940,4.5501,28.2028,4.9626,27.432
941,4.5777,28.2582,5.1974,27.9345
942,4.5786,28.3726,5.2693,28.0839
943,4.5298,28.383,5.0389,27.5979
944,4.4898,28.3879,4.8196,27.1141
945,4.6162,28.4645,4.8109,27.0945
946,4.7425,28.592,4.8022,27.0748
947,4.8689,28.7208,4.712,26.8687
948,4.9953,28.796,4.5946,26.5944
949,5.1216,28.8392,4.566,26.5267
950,5.248,28.8485,4.6461,26.7156
951,5.3561,28.9277,4.7373,26.927
952,5.3611,28.9682,4.892,27.2764
953,5.3661,28.8003,5.0468,27.6149
954,5.0565,28.6096,5.0811,27.6885
955,4.6915,28.5885,5.0941,27.7163
956,4.4847,28.3667,5.0785,27.6829
957,4.4074,28.1785,5.0393,27.5988
958,4.3987,28.4125,4.9654,27.4382
959,4.5959,28.5532,4.7872,27.0408
960,4.7931,28.3983,4.6089,26.6283
961,4.6174,28.3992,4.6661,26.7623
962,4.4221,28.3727,4.7357,26.9232
963,4.3839,28.2036,4.9183,27.3345
964,4.4303,28.1922,5.1617,27.8597
965,4.4646,28.3799,5.2622,28.0691
966,4.4763,28.1809,5.097,27.7224
967,4.4907,28.1452,4.9322,27.3652
968,4.5583,28.4601,4.7757,27.0146
969,4.6258,28.4744,4.6191,26.6524
970,4.6934,28.2327,4.5833,26.5677
971,4.761,28.4457,4.5876,26.578
972,4.7361,28.5348,4.502,26.3731
973,4.5983,28.4268,4.3063,25.8902
974,4.5275,28.4728,4.1413,25.4655
975,4.8363,28.8477,4.15,25.4883
976,5.1452,28.9269,4.1587,25.511
977,5.0152,28.8713,4.1896,25.5914
978,4.8077,28.8981,4.2243,25.6813
979,4.7517,28.6832,4.3548,26.0118
980,4.8195,28.4524,4.5635,26.5206
981,4.846,28.4033,4.7091,26.8622
982,4.7483,28.4172,4.6657,26.7613
983,4.6507,28.4712,4.6222,26.6596
984,4.6393,28.5556,4.5684,26.5323
985,4.6323,28.6677,4.514,26.4022
986,4.6128,28.6191,4.4597,26.2705
987,4.5865,28.5402,4.4053,26.1373
988,4.5602,28.4387,4.4126,26.1552
989,4.5339,28.3556,4.5343,26.451
990,4.5114,28.3979,4.6476,26.7192
991,4.5597,28.7684,4.5998,26.6068
992,4.6079,28.7621,4.552,26.4932
993,4.7146,28.6593,4.5237,26.4255
994,4.8407,28.5637,4.502,26.3731
995,4.773,28.4721,4.4783,26.3158
996,4.4687,28.4102,4.4522,26.2523
997,4.2296,28.3708,4.4613,26.2745
998,4.36,28.4581,4.67,26.7715
999,4.4904,28.4759,4.8787,27.2467
1000,4.4546,28.536,4.9063,27.308
1001,4.3893,28.6556,4.902,27.2984
1002,4.4437,28.6595,4.8402,27.1606
1003,4.5959,28.643,4.7315,26.9137
1004,4.6883,28.5552,4.65,26.7248
1005,4.6013,28.2302,4.65,26.7248
1006,4.5143,28.0923,4.65,26.7248
1007,4.6422,28.516,4.7285,26.9067
1008,4.7813,28.6968,4.8111,27.095
1009,4.8243,28.5976,4.7637,26.9874
1010,4.8157,28.5895,4.6463,26.7162
1011,4.7917,28.6101,4.5654,26.5253
1012,4.7396,28.6473,4.5524,26.4942
1013,4.692,28.5516,4.5654,26.5253
1014,4.7311,28.5233,5.0741,27.6736
1015,4.7702,28.7896,5.5828,28.7121
1016,4.78,28.8449,5.2502,28.0444
1017,4.78,28.6646,4.6372,26.6948
1018,4.6391,28.2828,4.2746,25.8098
1019,4.3261,28.1722,4.218,25.6651
1020,4.0998,28.2318,4.1596,25.5133
1021,4.365,28.4387,4.09,25.33
1022,4.6302,28.6541,4.0204,25.1435
1023,4.6386,28.5932,4.1948,25.605
1024,4.6016,28.5237,4.4122,26.1542
1025,4.5647,28.3977,4.4574,26.265
1026,4.5277,28.2429,4.3617,26.0292
1027,4.5554,28.3592,4.2911,25.8517
1028,4.7772,28.6749,4.2954,25.8627
1029,4.9989,28.6896,4.2998,25.8737
1030,4.7911,28.505,4.4404,26.2236
1031,4.5607,28.4122,4.5883,26.5795
1032,4.6722,28.363,4.5496,26.4875
1033,4.9678,28.4113,4.4104,26.1499
1034,5.0717,28.45,4.2972,25.8671
1035,4.8196,28.3912,4.232,25.7009
1036,4.5909,28.393,4.1741,25.5513
1037,4.8083,28.4933,4.2567,25.7643
1038,5.0257,28.6262,4.3393,25.9732
1039,4.93,28.6768,4.2426,25.7282
1040,4.73,28.556,4.0861,25.3196
1041,4.7041,28.5402,4.1135,25.3922
1042,4.8911,28.6423,4.3657,26.0389
1043,5.003,28.6684,4.552,26.4932
1044,4.69,28.485,4.365,26.0373
1045,4.377,28.3183,4.178,25.5615
1046,4.6441,28.4803,4.2091,25.6421
1047,5.0137,28.6786,4.2787,25.8202
1048,5.0413,28.604,4.2741,25.8086
1049,4.7891,28.7071,4.2089,25.6415
1050,4.637,28.8545,4.2991,25.872
1051,4.7848,28.8267,4.8557,27.1952
1052,4.9326,28.7738,5.4122,28.3746
1053,4.9441,28.6688,5.1591,27.8542
1054,4.9485,28.6638,4.8635,27.2127
1055,4.9387,28.815,4.712,26.8687
1056,4.9213,28.9408,4.638,26.6968
1057,4.8963,28.9422,4.7513,26.9591
1058,4.8572,28.8364,5.2122,27.9653
1059,4.822,28.577,5.6213,28.7867
1060,4.8611,28.5276,5.0474,27.6162
1061,4.9002,28.6164,4.4735,26.3041
1062,4.835,28.7771,4.3267,25.9416
1063,4.735,28.7091,4.3224,25.9307
1064,4.6937,28.6855,4.4413,26.2257
1065,4.7241,28.7576,4.7109,26.8662
1066,4.7774,28.7536,4.91,27.3162
1067,4.96,28.791,4.71,26.8642
1068,5.1426,28.8039,4.51,26.3925
1069,5.0407,28.8384,4.5909,26.5857
1070,4.8885,28.9436,4.7213,26.8902
1071,4.8511,29.0004,4.6963,26.8325
1072,4.9076,28.929,4.5441,26.4745
1073,4.9391,28.8448,4.4414,26.2259
1074,4.8957,28.8309,4.4871,26.3371
1075,4.8522,28.9887,4.5327,26.4471
1076,4.8417,29.1306,4.5784,26.5561
1077,4.833,28.92,4.624,26.6639
1078,4.6943,28.7357,4.5863,26.5749
1079,4.4857,28.584,4.5037,26.3773
1080,4.3647,28.6765,4.4257,26.1873
1081,4.4067,28.7616,4.3561,26.0151
1082,4.4488,28.7026,4.2957,25.8632
1083,4.4908,28.4689,4.4087,26.1456
1084,4.5328,28.6622,4.5217,26.4208
1085,4.5749,28.7957,4.488,26.3395
1086,4.6169,28.7148,4.4054,26.1375
1087,4.6323,28.8523,4.3893,26.0978
1088,4.6153,28.8083,4.4546,26.2581
1089,4.5983,28.5942,4.4914,26.3476
1090,4.5812,28.5695,4.3674,26.0432
1091,4.5642,28.6463,4.2434,25.7301
1092,4.5564,28.909,4.1586,25.5109
1093,4.5945,29.0097,4.2705,25.7993
1094,4.6327,29.0002,4.3823,26.0802
1095,4.6709,28.9082,4.4941,26.3541
1096,4.6695,28.9884,4.5064,26.3838
1097,4.6286,28.9933,4.4191,26.1712
1098,4.5877,28.9785,4.3318,25.9544
1099,4.5468,28.9586,4.2445,25.7331
1100,4.5627,28.93,4.2914,25.8524
1101,4.59,28.9434,4.365,26.0373
1102,4.6173,29.0168,4.4386,26.2192
1103,4.6486,28.8054,4.51,26.3925
1104,4.7005,28.7382,4.57,26.5362
1105,4.7523,28.8442,4.63,26.678
1106,4.8041,28.9983,4.69,26.8179
1107,4.8327,28.6956,4.6791,26.7926
1108,4.8382,28.6281,4.5973,26.6008
1109,4.8436,28.743,4.5155,26.4057
1110,4.8491,28.8137,4.4336,26.2069
1111,4.9068,28.8937,4.4336,26.2069
1112,4.975,28.9629,4.45,26.2469
1113,5.0432,28.9338,4.4664,26.2868
1114,5.1218,28.7539,4.495,26.3563
1115,5.2527,29.1147,4.585,26.5718
1116,5.3836,29.0402,4.675,26.7831
1117,5.5145,29.099,4.765,26.9903
1118,5.5145,29.2686,4.7895,27.0462
1119,5.3836,29.3157,4.7486,26.953
1120,5.2527,29.2186,4.7077,26.8589
1121,5.1218,29.0028,4.6668,26.764
1122,5.0545,28.8988,4.6305,26.679
1123,5,28.7508,4.595,26.5955
1124,4.9455,28.8583,4.5595,26.5113
1125,4.8782,29.0797,4.5095,26.3914
1126,4.7473,28.9579,4.3868,26.0915
1127,4.6164,28.6368,4.2641,25.7831
1128,4.4855,28.6414,4.1414,25.4656
1129,4.4623,28.7818,4.1727,25.5477
1130,4.5468,28.7688,4.3582,26.0203
1131,4.6314,28.8559,4.5436,26.4733
1132,4.7159,28.8501,4.7291,26.9081
1133,4.7368,28.6727,4.7748,27.0126
1134,4.745,28.9723,4.7925,27.0529
1135,4.7532,28.7422,4.8102,27.093
1136,4.7645,28.737,4.828,27.133
1137,4.7918,28.7735,4.8457,27.1729
1138,4.8191,28.8623,4.8634,27.2125
1139,4.8464,28.9573,4.8811,27.2521
1140,5.0305,29.018,4.9118,27.3202
1141,5.3714,29.1281,4.9555,27.4163
1142,5.7123,29.5421,4.9736,27.4562
1143,6.0532,29.464,4.9791,27.4681
1144,5.7964,29.2765,4.7845,27.0348
1145,5.42,29.1145,4.55,26.4885
1146,5.0436,28.9614,4.6536,26.7333
1147,4.7227,28.8457,4.8109,27.0946
1148,4.6791,28.829,5.2364,28.0157
1149,4.6355,28.9228,5.2818,28.1096
1150,4.5918,28.7879,4.5673,26.5297
1151,4.5332,28.7652,4.2891,25.8466
1152,4.4595,28.875,4.4473,26.2403
1153,4.3859,28.8537,4.4236,26.1824
1154,4.3123,28.5577,4.3091,25.8972
1155,4.5205,28.7948,4.3491,25.9976
1156,4.785,28.9063,4.42,26.1734
1157,5.0495,29.01,5.38,28.3098
1158,5.2359,29.0054,6.08,29.6393
1159,5.0314,28.9792,5.48,28.51
1160,4.8268,28.9595,5.0691,27.6628
1161,4.6223,28.7351,5.0364,27.5924
1162,4.685,28.7461,4.9109,27.3182
1163,5.015,28.9489,4.6927,26.8242
1164,5.345,29.1831,5.2273,27.9968
1165,5.675,29.3215,6.1382,29.7429
1166,5.48,29.2339,5.4809,28.5118
1167,5.18,29.2189,4.51,26.3925
1168,4.88,28.8903,4.45,26.2469
1169,4.6191,28.7369,4.3864,26.0904
1170,4.5536,28.6484,4.3045,25.8857
1171,4.4882,28.6324,4.2523,25.753
1172,4.4227,28.6863,4.2591,25.7705
1173,4.3955,28.8001,4.266,25.788
1174,4.4064,28.8423,4.2729,25.8054
1175,4.4173,28.7097,4.306,25.8894
1176,4.4282,28.8082,4.3523,26.0056
1177,4.4709,28.6048,4.4787,26.3168
1178,4.52,28.6498,4.6211,26.6571
1179,4.5691,28.6222,4.5278,26.4353
1180,4.5986,28.7322,4.4502,26.2474
1181,4.5305,28.6755,4.4513,26.2501
1182,4.4623,28.6541,4.4955,26.3575
1183,4.3941,28.7103,4.626,26.6685
1184,4.5223,28.7081,4.7565,26.9709
1185,4.8468,28.9132,4.887,27.2651
1186,5.1714,28.9802,4.5703,26.5369
1187,5.4959,29.0808,4.03,25.1695
1188,5.3636,29.0853,4.4025,26.1303
1189,5.14,28.9075,4.9575,27.4209
1190,4.9164,28.8256,4.5116,26.3964
1191,4.7636,28.9409,4.2251,25.6831
1192,4.9655,29.0905,4.7354,26.9227
1193,5.1673,28.9918,4.951,27.4066
1194,5.3691,29.0355,4.577,26.5528
1195,5.3595,29.1358,4.3368,25.9669
1196,5.1386,29.027,4.2305,25.697
1197,4.9177,28.9199,4.1241,25.4202
1198,4.6968,28.9167,4.0177,25.1362
1199,4.623,28.7547,4.2852,25.8368
1200,4.5785,28.5012,4.6275,26.6721
1201,4.5569,28.5118,4.9698,27.4477
1202,4.6838,28.6395,5.2008,27.9416
1203,4.8338,28.6254,5.126,27.7841
1204,5.0185,28.8703,4.8818,27.2536
1205,4.9069,28.9827,4.4894,26.3429
1206,4.6473,28.642,4.5924,26.5894
1207,4.4469,28.7207,4.82,27.1151
1208,4.3373,28.6976,5.0573,27.6374
1209,4.5738,28.6756,5.1309,27.7945
1210,4.7996,28.9435,4.8772,27.2433
1211,5.0131,29.0634,4.4671,26.2887
1212,4.9727,29.0191,4.4871,26.3371
1213,4.84,29.0412,4.6509,26.7269
1214,5.1631,28.8762,4.7344,26.9204
1215,5.1938,29.098,4.5369,26.4572
1216,4.4208,28.6777,4.7418,26.9373
1217,4.0569,28.53,4.7651,26.9906
1218,4.0512,28.4832,4.9784,27.4665
1219,4.0362,28.5606,4.5605,26.5134
1220,4.0331,28.5901,4.7313,26.9132
1221,4.2292,28.7019,4.6724,26.7771
1222,4.2773,28.7295,4.6136,26.6393
1223,4.0292,28.7382,4.5941,26.5932
1224,4.1135,28.6148,4.6268,26.6703
1225,4.4192,28.5902,4.6654,26.7607
1226,4.458,28.87,4.634,26.6873
1227,4.5658,28.8834,4.4835,26.3286
1228,4.6736,28.9532,4.3993,26.1224
1229,4.686,29.0545,4.3953,26.1125
1230,4.4908,28.62,4.5392,26.4627
1231,4.5371,28.8991,4.5546,26.4994
1232,4.5753,28.9351,4.5131,26.3999
1233,4.4001,28.7114,4.4084,26.1449
1234,4.4075,28.4928,4.3752,26.0628
1235,4.457,28.5378,4.3987,26.121
1236,4.4029,28.226,4.5427,26.4709
1237,4.4135,28.4633,4.4276,26.1921
1238,4.443,28.5788,4.2395,25.7203
1239,4.3948,28.6808,4.3769,26.0669
1240,4.3899,28.4232,4.3818,26.0792
1241,4.4216,28.4962,4.3089,25.8967
1242,4.5535,28.3034,4.2958,25.8636
1243,4.6771,28.2971,4.3155,25.9132
1244,4.7862,28.6326,4.3618,26.0293
1245,4.6152,28.0693,4.4272,26.1911
1246,4.6731,28.5209,4.4633,26.2793
1247,4.9612,28.5509,4.4698,26.2952
1248,4.6513,28.2726,4.3241,25.935
1249,4.5342,28.2403,4.2688,25.7952
1250,4.6852,28.3238,4.3343,25.9605
1251,4.6888,28.3438,4.5787,26.5568
1252,4.8191,28.4917,4.6572,26.7417
1253,5.1756,28.8311,4.4414,26.2258
1254,4.9865,28.3964,4.4827,26.3265
1255,4.7809,28.592,4.508,26.3877
1256,4.7333,28.4321,4.4099,26.1485
1257,4.683,28.4424,4.4943,26.3546
1258,4.6723,28.4424,4.5637,26.5211
1259,4.7714,28.155,4.4655,26.2848
1260,4.8092,28.2881,4.44,26.2225
1261,4.7636,28.3234,4.4552,26.2596
1262,4.4865,28.2462,4.5271,26.4337
1263,4.3276,28.108,4.4563,26.2623
1264,4.2652,28.0384,4.343,25.9824
1265,4.4321,28.1049,4.3626,26.0314
1266,4.6822,28.2521,4.4231,26.1811
1267,4.9795,28.4347,4.4856,26.3335
1268,5.2503,28.6312,4.3351,25.9626
1269,5.1637,28.6881,4.3182,25.9202
1270,4.8144,28.5151,4.4068,26.1409
1271,4.7122,28.4512,4.5834,26.568
1272,4.6101,28.3288,4.6033,26.6151
1273,4.5079,28.2204,4.4725,26.3017
1274,4.7273,28.4573,4.4572,26.2644
1275,4.6914,28.555,4.4855,26.3333
1276,4.3389,28.4143,4.564,26.5219
1277,4.4717,28.4706,4.425,26.1858
1278,4.5619,28.5008,4.3971,26.117
1279,4.5251,28.4507,4.5672,26.5295
1280,4.47,28.3852,4.573,26.5433
1281,4.4179,28.3825,4.5468,26.4808
1282,4.3775,28.4141,4.5075,26.3865
1283,4.5356,28.5378,4.4841,26.33
1284,4.6927,28.5598,4.4755,26.309
1285,4.7261,28.5235,4.4951,26.3566
1286,4.8906,28.5621,4.4263,26.1889
1287,4.9348,28.5749,4.3893,26.0975
1288,4.4056,28.3289,4.5659,26.5263
1289,4.5118,28.3693,4.4839,26.3295
1290,4.8118,28.4945,4.348,25.9949
1291,4.6703,28.4226,4.5181,26.412
1292,4.6091,28.402,4.5176,26.4108
1293,4.5839,28.427,4.4419,26.2272
1294,4.4746,28.421,4.5531,26.496
1295,4.4324,28.4448,4.4524,26.2529
1296,4.4396,28.4394,4.2152,25.6577
1297,4.4594,28.4411,4.3199,25.9243
1298,4.4385,28.4246,4.3836,26.0836
1299,4.3803,28.3823,4.4098,26.1483
1300,4.4371,28.3908,4.4165,26.1648
1301,4.4592,28.382,4.417,26.166
1302,4.4401,28.3315,4.4104,26.1498
1303,4.196,28.1344,4.4345,26.2089
1304,4.242,28.0625,4.4473,26.2405
1305,4.7354,28.1572,4.4408,26.2245
1306,4.6872,28.1515,4.5146,26.4036
1307,4.6073,28.1897,4.5358,26.4545
1308,4.6095,28.2508,4.4377,26.2168
1309,4.5816,28.2919,4.4361,26.2129
1310,4.6306,28.3264,4.4348,26.2097
1311,4.8831,28.441,4.3824,26.0807
1312,4.6437,28.3446,4.365,26.0373
1313,4.2995,28.2028,4.3905,26.1007
1314,4.1151,28.2176,4.5214,26.4199
1315,4.203,28.3527,4.4217,26.1776
1316,4.3387,28.4972,4.2888,25.8458
1317,4.1648,28.4736,4.4523,26.2526
1318,4.1903,28.536,4.4592,26.2694
1319,4.3057,28.4536,4.3978,26.1186
1320,4.2821,28.2947,4.4632,26.279
1321,4.3947,28.1895,4.4321,26.2032
1322,4.5957,28.116,4.3508,26.0018
1323,4.6986,28.2352,4.5274,26.4343
1324,4.6083,28.274,4.5195,26.4153
1325,4.3496,28.2341,4.3508,26.0018
1326,4.4666,28.3467,4.5732,26.5437
1327,4.4481,28.3081,4.5658,26.5261
1328,4.2797,28.1928,4.3041,25.8847
1329,4.2097,28.1026,4.519,26.4141
1330,4.2291,28.0306,4.6245,26.6651
1331,4.3654,28.1376,4.5395,26.4633
1332,4.2543,28.125,4.5358,26.4546
1333,4.1256,28.0936,4.5329,26.4477
1334,4.0211,28.067,4.5133,26.4005
1335,4.1138,28.139,4.6296,26.677
1336,4.2506,28.2459,4.6826,26.8006
1337,4.3968,28.3861,4.5256,26.43
1338,4.3921,28.4732,4.409,26.1464
1339,4.377,28.3835,4.3492,25.9979
1340,4.4663,28.3532,4.4277,26.1924
1341,4.4395,28.2789,4.4453,26.2355
1342,4.3999,28.2164,4.4302,26.1985
1343,4.5044,28.2598,4.3779,26.0693
1344,4.7103,28.3465,4.3557,26.0141
1345,4.9001,28.4263,4.3687,26.0464
1346,4.6285,28.3086,4.5126,26.3987
1347,4.5373,28.2643,4.4835,26.3285
1348,4.5583,28.2678,4.3514,26.0034
1349,4.4816,28.2301,4.371,26.0523
1350,4.3723,28.198,4.4724,26.3016
1351,4.2439,28.2136,4.6355,26.6908
1352,4.6491,28.462,4.328,25.9449
1353,4.7427,28.5687,4.1923,25.5984
1354,4.5069,28.478,4.238,25.7165
1355,4.7188,28.4922,4.2964,25.865
1356,4.7502,28.4209,4.3244,25.9357
1357,4.5141,28.2371,4.3113,25.9028
1358,4.5013,28.1892,4.2511,25.75
1359,4.4311,28.2108,4.2707,25.7998
1360,4.2212,28.1718,4.4342,26.2083
1361,4.3728,28.291,4.3774,26.068
1362,4.5896,28.4062,4.3244,25.9356
1363,4.8008,28.4317,4.3701,26.0501
1364,4.5727,28.2695,4.3133,25.9077
1365,4.2944,28.096,4.2701,25.7984
1366,4.2203,28.0258,4.3486,25.9964
1367,4.4527,28.1007,4.3748,26.0616
1368,4.6852,28.1678,4.341,25.9775
1369,4.4539,28.0448,4.1448,25.4747
1370,4.4205,28.0232,4.2596,25.7717
1371,4.503,28.1027,4.4854,26.333
1372,4.6976,28.2213,4.4527,26.2535
1373,4.6045,28.2195,4.3959,26.1141
1374,4.3619,28.1357,4.3207,25.9265
1375,4.4801,28.1757,4.2095,25.6431
1376,4.624,28.2245,4.3124,25.9055
1377,4.7738,28.2736,4.5773,26.5535
1378,4.3704,28.1081,4.4726,26.3021
1379,4.2523,28.0757,4.459,26.269
1380,4.4229,28.1678,4.5375,26.4587
1381,4.3508,28.1713,4.407,26.1413
1382,4.4464,28.2657,4.3744,26.0608
1383,4.5601,28.3837,4.3916,26.1033
1384,4.4134,28.3967,4.3262,25.9403
1385,4.6019,28.5835,4.4176,26.1675
1386,4.7484,28.639,4.3055,25.8882
1387,4.447,28.4115,4.3698,26.0493
1388,4.3329,28.311,4.6174,26.6482
1389,4.2192,28.2288,4.4229,26.1806
1390,4.1056,28.1419,4.2293,25.694
1391,4.211,28.1401,4.301,25.8768
1392,4.5057,28.2118,4.3127,25.9064
1393,4.762,28.2575,4.387,26.092
1394,4.8556,28.283,4.4472,26.24
1395,4.7144,28.2367,4.3275,25.9436
1396,4.5206,28.1661,4.2472,25.7399
1397,4.6928,28.2418,4.3279,25.9445
1398,4.5824,28.1872,4.2104,25.6454
1399,4.4335,28.114,4.0489,25.2203
1400,4.431,28.101,4.4256,26.1872
1401,4.3657,28.0643,4.3641,26.035
1402,4.5943,28.2097,4.2489,25.7442
1403,4.4574,28.2297,4.1782,25.5619
1404,4.3163,28.2285,4.2257,25.6848
1405,4.2926,28.1896,4.3441,25.9852
1406,4.5944,28.2788,4.5862,26.5745
1407,4.7593,28.4029,4.648,26.72
1408,4.8208,28.5469,4.5787,26.5568
1409,4.7003,28.5941,4.3236,25.9337
1410,4.5753,28.3663,4.2064,25.6349
1411,4.4443,28.111,4.1973,25.6114
1412,4.2213,27.8241,4.0926,25.337
1413,4.2227,27.9297,4.0693,25.2748
1414,4.4512,28.1486,4.1281,25.4309
1415,4.4664,28.1594,4.1807,25.5684
1416,4.4746,28.1674,4.2071,25.6369
1417,4.4828,28.0392,4.2006,25.62
1418,4.5334,27.9639,4.2477,25.7411
1419,4.5882,28.0265,4.24,25.7215
1420,4.643,28.1595,4.1353,25.4498
1421,4.467,28.1944,4.1982,25.6137
1422,4.3006,28.1808,4.2621,25.7781
1423,4.2364,28.1635,4.2687,25.7947
1424,4.4934,28.2585,4.2492,25.745
1425,4.71,28.2671,4.2632,25.7808
1426,4.5901,28.0838,4.3875,26.0932
1427,4.539,28.0558,4.333,25.9575
1428,4.5111,28.2203,4.2716,25.8021
1429,4.4787,28.2952,4.422,26.1783
1430,4.5001,28.1388,4.3141,25.9098
1431,4.51,28.0668,4.1539,25.4984
1432,4.3144,28.2106,4.3763,26.0653
1433,4.3542,28.3479,4.4111,26.1514
1434,4.5074,28.1439,4.3363,25.9656
1435,4.3877,27.9163,4.297,25.8667
1436,4.4205,28.0434,4.3059,25.8892
1437,4.5631,28.2422,4.3546,26.0115
1438,4.5192,28.3124,4.4789,26.3173
1439,4.4972,28.3868,4.4835,26.3284
1440,4.4966,28.4941,4.3723,26.0554
1441,4.482,28.5669,4.2931,25.8568
1442,4.5357,28.5085,4.2943,25.8597
1443,4.6728,28.4193,4.3924,26.1053
1444,4.7336,28.8414,4.2733,25.8066
1445,4.7432,29.0074,4.2466,25.7385
1446,4.6838,28.9555,4.3905,26.1007
1447,4.5447,28.8371,4.2969,25.8663
1448,4.5029,28.6614,4.221,25.6727
1449,4.678,28.5143,4.2537,25.7566
1450,4.4916,28.5192,4.3814,26.0782
1451,4.3274,28.5699,4.4936,26.353
1452,4.4443,28.7223,4.5067,26.3846
1453,4.58,28.8815,4.4364,26.2138
1454,4.6453,28.9279,4.3542,26.0104
1455,4.4402,28.808,4.3281,25.9449
1456,4.5337,28.7485,4.3336,25.9588
1457,4.6922,28.632,4.3297,25.949
1458,4.5043,28.5208,4.2054,25.6324
1459,4.5526,28.5791,4.2098,25.6439
1460,4.6817,28.6927,4.3022,25.8798
1461,4.3459,28.5719,4.5115,26.3962
1462,4.2981,28.5819,4.5773,26.5536
1463,4.4489,28.696,4.5311,26.4433
1464,4.3579,28.623,4.348,25.9948
1465,4.351,28.5729,4.3212,25.9277
1466,4.422,28.6903,4.4389,26.2199
1467,4.6765,28.9049,4.4465,26.2383
1468,4.6879,28.8948,4.5377,26.459
1469,4.4146,28.7075,4.7274,26.9042
1470,4.5438,28.7506,4.6789,26.7922
1471,4.5711,28.7457,4.6453,26.7138
1472,4.4063,28.6714,4.6584,26.7444
1473,4.4197,28.6968,4.5798,26.5594
1474,4.5309,28.8319,4.5813,26.5631
1475,4.7782,29.03,4.7579,26.9742
1476,4.5378,28.6498,4.6347,26.6891
1477,4.3814,28.4267,4.464,26.2811
1478,4.6958,28.6367,4.3397,25.9741
1479,4.7646,28.7174,4.3697,26.0491
1480,4.6775,28.514,4.4422,26.2278
1481,4.3304,28.2868,4.4945,26.3551
1482,4.2949,28.388,4.5192,26.4147
1483,4.3884,28.4628,4.5117,26.3966
1484,4.4702,28.4235,4.4071,26.1415
1485,4.5634,28.4542,4.4376,26.2166
1486,4.6139,28.6327,4.5331,26.448
1487,4.2965,28.4847,4.5592,26.5105
1488,4.4379,28.316,4.647,26.7178
1489,4.8633,28.4683,4.7641,26.9884
1490,4.7096,28.5384,4.666,26.7622
1491,4.6748,28.6081,4.6652,26.7602
1492,4.7441,28.6806,4.7498,26.9556
1493,4.4792,28.4702,4.6517,26.7287
1494,4.2925,28.2392,4.6619,26.7527
1495,4.1928,28.1832,4.7928,27.0535
1496,4.4107,28.3007,4.8247,27.1257
1497,4.5804,28.4864,4.7502,26.9565
1498,4.6563,28.5823,4.5343,26.451
1499,4.4683,28.4216,4.777,27.0176
1500,4.4409,28.3511,4.9114,27.3192
1501,4.7606,28.6015,4.7478,26.9511
1502,4.6701,28.6523,4.72,26.8872
1503,4.6534,28.5863,4.7298,26.9099
1504,5.0039,28.7209,4.7626,26.9848
1505,4.6833,28.5472,4.6942,26.8277
1506,4.3296,28.4206,4.6407,26.7031
1507,4.4882,28.6023,4.7257,26.9004
1508,4.5638,28.7214,4.6845,26.8053
1509,4.5861,28.7876,4.6222,26.6595
1510,4.5204,28.8212,4.6876,26.8123
1511,4.4949,28.8698,4.6799,26.7945
1512,4.519,28.7397,4.6291,26.6758
1513,4.7375,28.7493,4.544,26.4742
1514,4.7579,28.8071,4.5924,26.5893
1515,4.6443,28.7876,4.7126,26.8701
1516,4.5084,28.7424,4.6079,26.626
1517,4.4562,28.7236,4.5458,26.4785
1518,4.4713,28.7176,4.523,26.4238
1519,4.2554,28.5262,4.7454,26.9456
1520,4.2815,28.4831,4.7649,26.9901
1521,4.565,28.6331,4.5686,26.5329
1522,4.4364,28.6084,4.4224,26.1794
1523,4.3304,28.3841,4.4043,26.1347
1524,4.28,28.2625,4.5547,26.4998
1525,4.341,28.3241,4.7169,26.8801
1526,4.3272,28.3743,4.7959,27.0606
1527,4.1641,28.3473,4.7307,26.9119
1528,4.16,28.3258,4.5623,26.5178
1529,4.2978,28.3153,4.3016,25.8783
1530,4.2845,28.3108,4.3618,26.0292
1531,4.2025,28.2886,4.5681,26.5317
1532,4.3015,28.3299,4.5219,26.4213
1533,4.4324,28.3901,4.4299,26.1978
1534,4.2559,28.3482,4.4136,26.1578
1535,4.1433,28.3545,4.4247,26.1851
1536,4.3595,28.5158,4.5768,26.5523
1537,4.5106,28.591,4.6992,26.8392
1538,4.5242,28.5662,4.7589,26.9765
1539,4.4919,28.4031,4.6675,26.7656
1540,4.4098,28.1866,4.4123,26.1544
1541,4.2433,28.1365,4.3685,26.0461
1542,4.0289,28.1165,4.4446,26.2337
1543,4.182,28.3299,4.4513,26.2502
1544,4.4287,28.4313,4.4405,26.2237
1545,4.377,28.2281,4.3933,26.1075
1546,4.3004,28.3378,4.355,26.0123
1547,4.1367,28.5757,4.3984,26.1202
1548,4.1012,28.2735,4.4641,26.2813
1549,4.4075,28.299,4.589,26.5813
1550,4.5284,28.2954,4.6131,26.6383
1551,4.405,28.2566,4.5045,26.3793
1552,4.3725,28.3153,4.4344,26.2087
1553,4.403,28.4184,4.3909,26.1017
1554,4.4528,28.5144,4.3475,25.9936
1555,4.5092,28.5175,4.304,25.8844
1556,4.61,28.5467,4.3493,25.9981
1557,4.7066,28.5887,4.3986,26.1206
1558,4.6794,28.6525,4.3768,26.0668
1559,4.6447,28.7456,4.3612,26.0279
1560,4.5841,28.6078,4.3667,26.0414
1561,4.5659,28.5235,4.3367,25.9666
1562,4.6158,28.5775,4.2498,25.7466
1563,4.6032,28.4595,4.2188,25.6671
1564,4.5376,28.2094,4.2351,25.709
1565,4.3446,28.1655,4.1715,25.5446
1566,4.0971,28.1547,4.0738,25.2868
1567,4.2113,28.2392,4.2606,25.7741
1568,4.3795,28.3247,4.4878,26.3389
1569,4.2438,28.2498,4.3629,26.0321
1570,4.1781,28.2141,4.2705,25.7995
1571,4.4403,28.3264,4.3303,25.9505
1572,4.5376,28.3615,4.3755,26.0633
1573,4.3071,28.2212,4.3917,26.1037
1574,4.328,28.1739,4.3223,25.9305
1575,4.6071,28.1576,4.1648,25.527
1576,4.6168,27.988,4.11,25.383
1577,4.4826,28.2265,4.11,25.383
1578,4.3621,28.3292,4.1672,25.5333
1579,4.2448,28.3794,4.2378,25.7159
1580,4.1283,28.1315,4.14,25.4621
1581,4.0756,27.9334,4.0604,25.2511
1582,4.4581,28.1204,4.1419,25.467
1583,4.675,28.3053,4.2187,25.6667
1584,4.4791,28.3341,4.2838,25.8333
1585,4.2141,28.1431,4.2548,25.7593
1586,3.8629,27.8857,4.1081,25.3781
1587,3.7227,27.8851,4.1221,25.415
1588,3.721,27.9192,4.2416,25.7256
1589,4.0164,28.0554,4.2369,25.7135
1590,4.4044,28.425,4.1934,25.6015
1591,4.2045,28.4852,4.16,25.5145
1592,3.9763,28.257,4.1317,25.4403
1593,4.0082,28.1939,4.1534,25.4973
1594,4.0376,28.1056,4.201,25.6211
1595,4.0591,28.1436,4.3313,25.9532
1596,4.0902,28.1806,4.3755,26.0635
1597,4.136,28.2036,4.2887,25.8455
1598,4.2015,28.2946,4.3163,25.9154
1599,4.2827,28.3733,4.4358,26.2122
1600,4.0713,28.0874,4.3576,26.0189
1601,3.7424,28.0049,4.2001,25.6187
1602,4.0332,28.4027,4.1137,25.3927
1603,4.4026,28.6922,4.0455,25.2112
1604,4.395,28.6226,4.2248,25.6823
1605,4.411,28.3508,4.3556,26.0139
1606,4.5276,28.5208,4.2796,25.8224
1607,4.6159,28.7561,4.2338,25.7055
1608,4.6513,28.6716,4.2446,25.7334
1609,4.5624,28.6746,4.2362,25.7119
1610,4.3524,28.65,4.2091,25.642
1611,4.2003,28.385,4.1639,25.5246
1612,4.0773,28.3413,4.1096,25.3819
1613,3.9297,28.4359,4.1313,25.4393
1614,3.7769,28.3738,4.1693,25.5388
1615,4.0661,28.5046,4.2287,25.6925
1616,4.3195,28.5337,4.2838,25.8333
1617,4.3076,28.4652,4.311,25.902
1618,4.3534,28.4626,4.295,25.8616
1619,4.5339,28.5858,4.1782,25.562
1620,4.3928,28.5588,4.3464,25.9909
1621,4.2646,28.5124,4.3687,26.0466
1622,4.182,28.428,4.2952,25.8621
1623,4.1691,28.4144,4.3755,26.0634
1624,3.948,28.3249,4.2883,25.8447
1625,4.0264,28.4455,4.2036,25.6278
1626,4.4853,28.7398,4.1625,25.521
1627,4.4423,28.735,4.0676,25.2703
1628,4.331,28.6432,4.2211,25.673
1629,4.2133,28.5838,4.3702,26.0503
1630,4.1376,28.5713,4.3118,25.9041
1631,4.1848,28.549,4.31,25.8995
1632,4.315,28.5468,4.2882,25.8442
1633,4.4724,28.5589,4.2834,25.8321
1634,4.5427,28.6314,4.3855,26.0883
1635,4.408,28.4609,4.3812,26.0776
1636,4.1428,27.9215,4.2346,25.7076
1637,3.8666,28.1626,3.9986,25.0844
1638,4.2637,28.4392,4.0716,25.281
1639,4.6362,28.6074,4.1118,25.3879
1640,4.6238,28.6377,4.0914,25.3337
1641,3.9977,28.2732,3.989,25.0583
1642,4.1214,28.2514,3.8649,24.7148
1643,4.0782,28.373,3.8898,24.7845
1644,4.0281,28.4784,3.9817,25.0384
1645,4.219,28.6298,4.0255,25.1572
1646,3.949,28.588,3.9579,24.9732
1647,3.826,28.4917,3.9854,25.0485
1648,3.933,28.468,4.0854,25.3178
1649,4.3129,28.632,4.0562,25.2398
1650,4.2181,28.5394,4.0328,25.1768
1651,4.1422,28.5132,4.0748,25.2895
1652,4.2858,28.7016,4.1911,25.5954
1653,4.7125,28.9958,4.0013,25.0917
1654,4.9274,29.1274,4.0141,25.1264
1655,4.8483,28.9631,4.0654,25.2643
1656,4.3339,28.5876,3.9851,25.0475
1657,4.3041,28.5427,4.1783,25.562
1658,4.4511,28.6839,4.179,25.5641
1659,4.6224,28.6151,4.0514,25.227
1660,4.4429,28.5097,4.0587,25.2466
1661,4.3833,28.4904,4.0118,25.12
1662,4.3738,28.2072,4.0333,25.1782
1663,4.3882,28.4187,4.1431,25.4703
1664,4.3404,28.6536,4.1796,25.5656
1665,4.3541,28.65,4.1482,25.4836
1666,4.3782,28.5998,4.11,25.383
1667,4.3755,28.6476,4.11,25.383
1668,4.4576,28.8265,4.0245,25.1546
1669,4.3065,28.5072,3.9679,25.0006
1670,4.1103,28.4991,3.9761,25.023
1671,4.2648,28.7729,4.1294,25.4341
1672,4.1074,28.5006,4.2195,25.6688
1673,4.1042,28.5103,4.1009,25.359
1674,4.3074,28.6037,3.852,24.6783
1675,4.5107,28.6249,4.1074,25.3763
1676,4.4487,28.2992,4.1865,25.5836
1677,4.4326,28.3747,4.1382,25.4573
1678,4.6232,28.5838,3.9834,25.0429
1679,4.567,28.4257,4.2096,25.6434
1680,4.5109,28.4949,4.2429,25.729
1681,4.4379,28.5423,4.1659,25.53
1682,4.3202,28.463,4.0784,25.299
1683,4.2197,28.1365,4.0106,25.1169
1684,4.3608,28.3651,4.0151,25.1291
1685,4.6542,28.7332,4.082,25.3087
1686,4.659,28.7866,4.155,25.5013
1687,4.5503,28.6886,4.2512,25.7501
1688,4.4546,28.5544,4.2419,25.7264
1689,4.4148,28.508,4.0868,25.3216
1690,4.343,28.4745,4.0285,25.1652
1691,4.3132,28.4192,4.0499,25.223
1692,4.2553,28.3181,4.1244,25.4209
1693,4.0937,28.2018,4.2338,25.7057
1694,4.5983,28.4315,4.1711,25.5435
1695,4.6475,28.3891,4.1442,25.4731
1696,4.3682,28.2782,4.1634,25.5232
1697,4.2437,28.2912,4.2291,25.6934
1698,4.2559,28.356,4.1974,25.6118
1699,4.2755,28.3653,4.1734,25.5494
1700,4.2668,28.4975,4.1841,25.5772
1701,4.2087,28.4875,4.2279,25.6904
1702,4.2932,28.3392,4.3244,25.9358
1703,4.3865,28.521,4.4129,26.1559
1704,4.3962,28.5754,4.4494,26.2454
1705,4.4163,28.5618,4.3998,26.1236
1706,4.3919,28.5113,4.3263,25.9406
1707,4.3608,28.3893,4.2476,25.741
1708,4.397,28.2435,4.1965,25.6094
1709,4.671,28.4984,4.311,25.902
1710,4.5807,28.7407,4.314,25.9096
1711,4.2302,28.6889,4.2058,25.6334
1712,4.7667,28.7554,4.2496,25.746
1713,4.7812,28.6898,4.2878,25.8434
1714,4.4929,28.525,4.3272,25.9427
1715,4.0003,28.2669,4.3689,26.047
1716,4.0733,28.3643,4.3178,25.9191
1717,4.2948,28.4103,4.3143,25.9103
1718,4.517,28.4927,4.33,25.9498
1719,4.5385,28.5935,4.33,25.9498
1720,4.3953,28.5866,4.3233,25.9331
1721,4.4146,28.5654,4.2212,25.6732
1722,4.5471,28.6785,4.11,25.3831
1723,4.4965,28.7513,4.3436,25.9839
1724,4.5282,28.8773,4.3432,25.9829
1725,4.5081,28.5513,4.3541,26.01
1726,4.4186,28.5435,4.4415,26.2262
1727,4.7277,28.7393,4.3029,25.8815
1728,4.6536,28.6987,4.3659,26.0396
1729,4.458,28.5467,4.4419,26.2271
1730,4.3677,28.4079,4.3543,26.0107
1731,4.6013,28.703,4.5998,26.6068
1732,4.4828,28.5076,4.6591,26.7462
1733,4.1773,28.2535,4.5685,26.5326
1734,4.17,28.2816,4.4663,26.2867
1735,4.5219,28.0189,4.4071,26.1416
1736,4.4892,28.2419,4.356,26.0148
1737,4.0638,28.2194,4.3158,25.9142
1738,4.6914,28.5583,4.3742,26.0603
1739,5.1482,28.7689,4.422,26.1783
1740,5.315,28.8843,4.4264,26.189
1741,5.0786,28.6622,4.3607,26.0265
1742,4.8422,28.4706,4.3744,26.0608
1743,4.6717,28.6301,4.4207,26.1752
1744,4.5857,28.6278,4.4372,26.2156
1745,4.6323,28.502,4.3058,25.889
1746,4.5913,28.2707,4.2322,25.7016
1747,4.7937,28.1062,4.3413,25.9781
1748,5.1156,28.4088,4.5495,26.4873
1749,4.6568,28.2526,4.3305,25.9512
1750,4.4315,28.1475,4.2239,25.68
1751,4.2925,28.2049,4.215,25.6571
1752,4.184,28.4179,4.3036,25.8833
1753,4.2655,28.5414,4.4277,26.1923
1754,4.3154,28.2765,4.3931,26.107
1755,4.3041,28.0175,4.3549,26.0121
1756,4.182,27.9873,4.5103,26.3933
1757,4.2194,28.2039,4.4361,26.213
1758,4.266,28.2378,4.3901,26.0995
1759,4.2544,28.3037,4.5117,26.3966
1760,4.2428,28.2505,4.4611,26.274
1761,4.2069,28.2702,4.395,26.1118
1762,4.1295,28.2659,4.3545,26.011
1763,4.2612,28.3382,4.2838,25.8333
1764,4.2815,28.4505,4.2983,25.8698
1765,4.105,28.4329,4.4402,26.2229
1766,4.2131,28.2825,4.2676,25.7919
1767,4.3283,28.2036,4.1387,25.4585
1768,4.4265,28.3829,4.0914,25.3336
1769,4.3696,28.5327,4.2016,25.6226
1770,4.2447,28.2314,4.2434,25.7302
1771,4.0526,27.9925,4.2093,25.6426
1772,3.7455,27.9725,4.1553,25.5021
1773,4.0352,28.0737,4.1156,25.3978
1774,4.796,28.3317,4.1053,25.3706
1775,4.5963,28.1994,4.3959,26.114
1776,4.5029,28.1711,4.4038,26.1336
1777,4.4482,28.1859,4.225,25.6831
1778,4.0006,27.9468,4.2791,25.8213
1779,3.9379,27.8458,4.4037,26.1332
1780,4.1048,27.8518,4.5229,26.4235
1781,4.1873,27.8951,4.3201,25.925
1782,4.2336,27.9976,4.2456,25.7358
1783,4.3474,28.0425,4.2577,25.7667
1784,4.871,28.1971,4.3591,26.0225
1785,4.5902,28.0889,4.3055,25.8881
1786,4.0992,27.9867,4.2129,25.6518
1787,4.1308,28.109,4.2264,25.6866
1788,4.1459,28.0358,4.1753,25.5544
1789,4.1702,28.1114,4.1183,25.4049
1790,4.2389,28.205,4.1115,25.387
1791,3.9978,28.0155,4.131,25.4384
1792,3.8206,27.9092,4.166,25.5302
1793,4.0074,27.9209,4.2201,25.6703
1794,4.1405,27.8398,4.2907,25.8507
1795,4.1705,27.8522,4.3309,25.952
1796,4.0214,27.7943,4.3039,25.884
1797,4.0384,27.6855,4.4564,26.2626
1798,4.1171,27.7906,4.5343,26.4509
1799,4.2518,27.9384,4.4397,26.2217
1800,4.1446,27.8797,4.4179,26.1682
1801,4.0637,27.8639,4.3761,26.0649
1802,4.0578,27.8133,4.295,25.8616
1803,4.2132,27.8929,4.5246,26.4277
1804,4.2464,27.8802,4.5329,26.4476
1805,4.123,27.824,4.2558,25.762
1806,4.1632,27.9058,4.2302,25.6962
1807,4.1656,27.8891,4.3955,26.1129
1808,4.1295,27.8283,4.7366,26.9253
1809,4.2489,27.9356,4.5609,26.5144
1810,4.2673,28.0072,4.3888,26.0964
1811,4.205,27.9132,4.2369,25.7136
1812,4.2269,27.8396,4.3518,26.0044
1813,4.2755,27.9376,4.4157,26.1628
1814,4.3136,27.9158,4.4529,26.2541
1815,4.0866,27.8012,4.5813,26.5631
1816,4.2773,28.0413,4.6384,26.6976
1817,4.6302,28.0175,4.6185,26.6509
1818,4.4213,27.9457,4.3955,26.1129
1819,4.4324,27.7768,4.3468,25.992
1820,4.4894,27.9743,4.4144,26.1597
1821,4.2466,27.8027,4.6037,26.6159
1822,4.3935,27.9641,4.6078,26.6257
1823,4.6282,28.0175,4.5335,26.4489
1824,4.5926,27.8175,4.4591,26.2692
1825,4.4913,27.9646,4.2743,25.8091
1826,4.401,27.8584,4.1616,25.5186
1827,4.4048,27.7998,4.3576,26.0188
1828,4.1494,27.72,4.2729,25.8056
1829,3.9978,27.6575,4.2134,25.653
1830,4.2484,27.8169,4.3891,26.0971
1831,4.5183,27.9003,4.4423,26.2281
1832,4.6424,28.0294,4.4204,26.1745
1833,4.4813,27.834,4.3055,25.8882
1834,4.3201,27.8252,4.3543,26.0106
1835,4.3064,27.8489,4.3974,26.1177
1836,4.5283,27.8429,4.3906,26.101
1837,4.579,28.0716,4.4573,26.2648
1838,4.543,27.9172,4.4885,26.3406
1839,4.414,27.7899,4.4615,26.2749
1840,4.2851,27.6734,4.4472,26.2401
1841,4.2423,27.7101,4.3801,26.0749
1842,4.2982,27.7731,4.2517,25.7515
1843,4.3542,27.6688,4.3167,25.9163
1844,4.38,27.7031,4.4219,26.1781
1845,4.3765,27.8069,4.5584,26.5084
1846,4.373,27.7339,4.4975,26.3624
1847,4.3695,27.7202,4.4293,26.1963
1848,4.3661,27.7325,4.3541,26.01
1849,4.3626,27.7346,4.2662,25.7885
1850,4.3591,27.9095,4.3333,25.9581
1851,4.3556,27.6905,4.4973,26.3619
1852,4.3521,27.7781,4.5649,26.524
1853,4.3397,27.9781,4.4371,26.2153
1854,4.322,28.0059,4.2562,25.7629
1855,4.3043,27.7454,4.4319,26.2026
1856,4.2866,27.7646,4.3905,26.1006
1857,4.2858,27.7976,4.2866,25.8404
1858,4.3576,27.9141,4.3745,26.061
1859,4.6155,28.0329,4.3856,26.0885
1860,4.7615,28.0158,4.3576,26.0188
1861,4.2785,27.8719,4.3035,25.8831
1862,4.3061,27.7443,4.361,26.0273
1863,4.3513,27.8995,4.4812,26.3229
1864,3.9864,27.8224,4.6705,26.7725
1865,5.2002,28.2339,4.5755,26.5493
1866,4.4205,27.8445,4.4609,26.2735
1867,4.2727,27.8565,4.3767,26.0665
1868,4.2124,27.8684,4.36,26.0249
1869,4.4779,28.0487,4.3916,26.1034
1870,4.2067,27.862,4.2576,25.7666
1871,4.3187,27.8886,4.2042,25.6293
1872,4.4006,27.9414,4.3503,26.0006
1873,4.2635,27.8456,4.1923,25.5984
1874,4.1434,27.8285,4.2457,25.736
1875,4.1316,27.8753,4.2554,25.761
1876,4.1858,27.843,4.2529,25.7546
1877,4.3959,27.9159,4.4919,26.3488
1878,5.219,28.1814,5.26,28.0646
1879,5.3332,28.1876,4.715,26.8757
1880,5.4474,28.1467,4.17,25.5406
1881,5.0738,28.0477,4.4174,26.167
1882,5.2385,28.1238,4.2923,25.8546
1883,4.3225,27.8255,4.5168,26.409
1884,3.9069,27.6284,4.6137,26.6397
1885,4.4609,27.7973,4.6121,26.6358
1886,4.2508,27.7734,4.6179,26.6495
1887,4.4482,27.8909,4.4034,26.1326
1888,4.6633,27.8808,4.4372,26.2157
1889,4.7068,27.8608,4.5222,26.422
1890,4.3665,27.7766,4.2951,25.8618
1891,4.5318,27.8631,4.3939,26.1089
1892,4.7059,27.9425,4.4373,26.2158
1893,4.5234,27.9373,4.3493,25.998
1894,3.9791,27.7496,4.2093,25.6424
1895,4.0714,27.6792,4.2441,25.732
1896,4.3319,27.8428,4.3252,25.9377
1897,4.5007,27.8824,4.3546,26.0114
1898,4.2505,27.814,4.317,25.9171
1899,4.105,27.7771,4.35,25.9999
1900,4.4559,27.7828,4.3635,26.0337
1901,4.2197,27.7582,4.463,26.2787
1902,4.5486,27.7319,4.3972,26.1171
1903,4.2272,27.6989,4.2751,25.8111
1904,4.1966,27.6454,4.1788,25.5635
1905,4.2517,27.6686,4.1837,25.5763
1906,4.2465,27.7399,4.2216,25.6743
1907,4.0759,27.8254,4.2775,25.8171
1908,3.9914,27.7131,4.2963,25.8648
1909,4.0332,27.6229,4.2486,25.7434
1910,3.9102,27.574,4.0761,25.2929
1911,4.0376,27.6468,4.1239,25.4198
1912,4.2312,27.7458,4.23,25.6958
1913,4.3031,27.7709,4.0779,25.2978
1914,4.5757,27.9216,4.2121,25.6496
1915,4.4767,27.8,4.3593,26.0231
1916,3.8549,27.6167,4.4056,26.1379
1917,3.9697,27.6549,4.1446,25.474
1918,4.0845,27.6876,4.1938,25.6024
1919,4.4059,27.8185,4.2563,25.7632
1920,5.1226,28.0386,4.1872,25.5853
1921,4.602,27.8613,4.2171,25.6627
1922,4.1687,27.7639,4.2431,25.7294
1923,4.0214,27.6707,4.25,25.7471
1924,3.8099,27.6205,4.2123,25.6503
1925,4.3044,27.7269,4.2578,25.767
1926,4.5836,27.8174,4.2367,25.7131
1927,4.1801,27.729,4.2852,25.8369
1928,4.067,27.6794,4.2282,25.6912
1929,4.4281,27.7025,4.3659,26.0394
1930,4.3442,27.73,4.3508,26.002
1931,4.3068,27.738,4.2868,25.8409
1932,4.5211,27.8651,4.1558,25.5034
1933,4.252,27.717,4.3178,25.9191
1934,4.0654,27.6067,4.3033,25.8826
1935,4.4239,27.8629,4.3954,26.1128
1936,4.742,27.8915,4.3531,26.0075
1937,4.2911,27.7795,4.3749,26.0619
1938,4.5285,27.8045,4.3603,26.0257
1939,4.6411,27.7752,4.3495,25.9985
1940,4.8072,27.9675,4.317,25.9172
1941,4.8091,27.9338,4.1418,25.4667
1942,4.7883,27.9842,4.3403,25.9756
1943,4.7676,27.9225,4.166,25.5301
1944,4.4761,27.9302,4.3713,26.053
1945,4.4605,27.7718,4.5474,26.4824
1946,4.5931,27.9363,4.352,26.0048
1947,4.3734,27.9449,4.4617,26.2754
1948,4.3719,28.1315,4.4355,26.2114
1949,4.745,28.3547,4.3328,25.9568
1950,5.6468,28.8115,4.22,25.6701
1951,4.4865,28.332,4.3743,26.0605
1952,4.4981,28.2578,4.3693,26.0481
1953,4.3057,28.0643,4.28,25.8236
1954,4.513,28.1794,4.46,26.2713
1955,4.0259,28.006,4.24,25.7215
1956,4.3852,28.1491,4.34,25.9749
1957,4.2905,28.2786,4.34,25.9749
1958,4.3171,28.2305,4.61,26.6309
1959,4.3077,28.3356,4.28,25.8236
1960,4.7288,28.5701,4.6254,26.6672
1961,4.4731,28.3353,4.1893,25.5906
1962,4.5301,28.4334,4.3261,25.94
1963,4.617,28.4364,4.196,25.6081
1964,4.467,28.3069,4.2528,25.7543
1965,4.5703,28.3632,4.1851,25.5798
1966,4.5562,28.4056,4.2083,25.64
1967,4.4946,28.403,4.3773,26.068
1968,4.4045,28.1666,4.3992,26.1222
1969,4.2401,27.8147,4.5827,26.5663
1970,4.2883,28.1873,4.5459,26.4787
1971,4.2408,28.2283,4.4829,26.3269
1972,4.6444,28.2288,4.5417,26.4686
1973,4.4823,27.9591,4.568,26.5314
1974,4.4556,28.1704,4.4503,26.2476
1975,4.6717,28.1839,4.4679,26.2907
1976,4.6439,28.1715,4.376,26.0647
1977,4.6345,28.0459,4.5267,26.4326
1978,4.6659,28.1534,4.65,26.7248
1979,4.4581,28.2286,4.42,26.1734
1980,5.2817,28.4467,4.603,26.6143
1981,4.9451,28.5894,4.9163,27.3302
1982,4.6438,28.2371,4.6541,26.7343
1983,4.4121,28.1264,4.5758,26.55
1984,4.3504,28.1709,5.0531,27.6284
1985,4.7016,27.987,4.8373,27.1541
1986,4.8788,28.4212,5.0375,27.5948
1987,5.0146,28.5709,5.0887,27.7048
1988,4.9291,27.9836,5.0219,27.5612
1989,4.8118,28.0026,4.8759,27.2405
1990,4.9027,28.2209,4.9521,27.409
1991,5.1815,28.4024,5.0707,27.6661
1992,5.1744,28.4102,5.0794,27.6848
1993,4.9851,28.4706,5.3118,28.1712
1994,5.4187,28.6904,5.3991,28.3484
1995,5.7436,28.7313,5.2682,28.0816
1996,5.2274,28.5483,5.2716,28.0887
1997,5.9449,29.3334,5.0906,27.7088
1998,5.0703,28.8464,5.0291,27.5767
1999,5.3903,29.0669,5.0763,27.6782
2000,5.2362,29.0016,4.8997,27.2933
2001,5.3098,29.1615,5.3113,28.1702
2002,5.9639,29.1629,5.495,28.5396
2003,5.0881,29.1185,5.566,28.6792
2004,5.6091,29.2339,5.4259,28.4021
2005,4.8662,28.9457,5.4171,28.3846
2006,5.1355,29.1327,5.1544,27.8442
2007,5.2686,29.1444,5.0205,27.5581
2008,4.1541,28.2011,4.8866,27.2643
